2000,2001,2002,2003,2004,2005,2006,2007,2008,2009,2010,2011,2012,2013,2014,2015,2016,2017,2018,2019,2020,2021,2022,2023,2024
Breathe - Faith Hill,Hanging by a Moment - Lifehouse,How You Remind Me - Nickelback,In da Club - 50 Cent,Yeah! - Usher featuring Lil Jon and Ludacris,We Belong Together - Mariah Carey,Bad Day - Daniel Powter,Irreplaceable - Beyoncé,Low - Flo Rida featuring T-Pain,Boom Boom Pow - The Black Eyed Peas,Tik Tok - Kesha,Rolling in the Deep - Adele,Somebody That I Used to Know - Gotye featuring Kimbra,Thrift Shop - Macklemore & Ryan Lewis featuring Wanz,Happy - Pharrell Williams,Uptown Funk - Mark Ronson featuring Bruno Mars,Love Yourself - Justin Bieber,Shape of You - Ed Sheeran,God's Plan - Drake,Old Town Road - Lil Nas X featuring Billy Ray Cyrus,Blinding Lights - The Weeknd,Levitating - Dua Lipa,Heat Waves - Glass Animals,Last Night - Morgan Wallen,Lose Control - Teddy Swims
Smooth - Santana featuring Rob Thomas,Fallin' - Alicia Keys,Foolish - Ashanti,Ignition - R. Kelly,Burn - Usher,Hollaback Girl - Gwen Stefani,Temperature - Sean Paul,Umbrella - Rihanna featuring Jay-Z,Bleeding Love - Leona Lewis,Poker Face - Lady Gaga,Need You Now - Lady Antebellum,Party Rock Anthem - LMFAO featuring Lauren Bennett and GoonRock,Call Me Maybe - Carly Rae Jepsen,Blurred Lines - Robin Thicke featuring T.I. and Pharrell Williams,Dark Horse - Katy Perry featuring Juicy J,Thinking Out Loud - Ed Sheeran,Sorry - Justin Bieber,Despacito (Remix) - Luis Fonsi and Daddy Yankee featuring Justin Bieber,Perfect - Ed Sheeran,Sunflower - Post Malone and Swae Lee,Circles - Post Malone,Save Your Tears - The Weeknd and Ariana Grande,As It Was - Harry Styles,Flowers - Miley Cyrus,A Bar Song (Tipsy) - Shaboozey
Maria Maria - Santana featuring The Product G&B,All for You - Janet Jackson,Hot in Herre - Nelly,Get Busy - Sean Paul,If I Ain't Got You - Alicia Keys,Let Me Love You - Mario,Promiscuous - Nelly Furtado featuring Timbaland,The Sweet Escape - Gwen Stefani featuring Akon,No One - Alicia Keys,Just Dance - Lady Gaga featuring Colby O'Donis,"Hey, Soul Sister - Train",Firework - Katy Perry,We Are Young - Fun featuring Janelle Monáe,Radioactive - Imagine Dragons,All of Me - John Legend,See You Again - Wiz Khalifa featuring Charlie Puth,One Dance - Drake featuring Wizkid and Kyla,That's What I Like - Bruno Mars,Meant to Be - Bebe Rexha featuring Florida Georgia Line,Without Me - Halsey,The Box - Roddy Ricch,Blinding Lights - The Weeknd,Stay - The Kid Laroi and Justin Bieber,Kill Bill - SZA,Beautiful Things - Benson Boone
I Wanna Know - Joe,Drops of Jupiter (Tell Me) - Train,Dilemma - Nelly featuring Kelly Rowland,Crazy in Love - Beyoncé featuring Jay-Z,This Love - Maroon 5,Since U Been Gone - Kelly Clarkson,You're Beautiful - James Blunt,Big Girls Don't Cry - Fergie,Lollipop - Lil Wayne featuring Static Major,I Gotta Feeling - The Black Eyed Peas,California Gurls - Katy Perry featuring Snoop Dogg,E.T. - Katy Perry featuring Kanye West,Payphone - Maroon 5 featuring Wiz Khalifa,Harlem Shake - Baauer,Fancy - Iggy Azalea featuring Charli XCX,Trap Queen - Fetty Wap,Work - Rihanna featuring Drake,Humble - Kendrick Lamar,Havana - Camila Cabello featuring Young Thug,Bad Guy - Billie Eilish,Don't Start Now - Dua Lipa,Mood - 24kGoldn featuring Iann Dior,Easy on Me - Adele,Anti-Hero - Taylor Swift,I Had Some Help - Post Malone featuring Morgan Wallen
Everything You Want - Vertical Horizon,I'm Real (Murder Remix) - Jennifer Lopez featuring Ja Rule,Wherever You Will Go - The Calling,When I'm Gone - 3 Doors Down,The Way You Move - OutKast featuring Sleepy Brown,"1, 2 Step - Ciara featuring Missy Elliott",Hips Don't Lie - Shakira featuring Wyclef Jean,Buy U a Drank (Shawty Snappin') - T-Pain featuring Yung Joc,Apologize - OneRepublic,Love Story - Taylor Swift,OMG - Usher featuring will.i.am,"Give Me Everything - Pitbull featuring Ne-Yo, Afrojack and Nayer",Lights - Ellie Goulding,Can't Hold Us - Macklemore & Ryan Lewis featuring Ray Dalton,Counting Stars - OneRepublic,Sugar - Maroon 5,Stressed Out - Twenty One Pilots,Something Just Like This - The Chainsmokers and Coldplay,Rockstar - Post Malone featuring 21 Savage,Wow - Post Malone,Rockstar - DaBaby featuring Roddy Ricch,Good 4 U - Olivia Rodrigo,Shivers - Ed Sheeran,"Creepin' - Metro Boomin, the Weeknd and 21 Savage",Lovin on Me - Jack Harlow
Say My Name - Destiny's Child,If You're Gone - Matchbox Twenty,A Thousand Miles - Vanessa Carlton,Unwell - Matchbox Twenty,The Reason - Hoobastank,Gold Digger - Kanye West featuring Jamie Foxx,Unwritten - Natasha Bedingfield,Before He Cheats - Carrie Underwood,No Air - Jordin Sparks and Chris Brown,Right Round - Flo Rida,Airplanes - B.o.B featuring Hayley Williams,Grenade - Bruno Mars,Glad You Came - The Wanted,Mirrors - Justin Timberlake,Talk Dirty - Jason Derulo featuring 2 Chainz,Shut Up and Dance - Walk the Moon,Panda - Desiigner,Bad and Boujee - Migos featuring Lil Uzi Vert,Psycho - Post Malone featuring Ty Dolla Sign,Happier - Marshmello and Bastille,Adore You - Harry Styles,Kiss Me More - Doja Cat featuring SZA,First Class - Jack Harlow,Calm Down - Rema and Selena Gomez,Not Like Us - Kendrick Lamar
I Knew I Loved You - Savage Garden,Let Me Blow Ya Mind - Eve featuring Gwen Stefani,In the End - Linkin Park,Right Thurr - Chingy,I Don't Wanna Know - Mario Winans featuring Enya and P. Diddy,Boulevard of Broken Dreams - Green Day,Crazy - Gnarls Barkley,Hey There Delilah - Plain White T's,Love Song - Sara Bareilles,I'm Yours - Jason Mraz,Love the Way You Lie - Eminem featuring Rihanna,Fuck You (Forget You) - CeeLo Green,Stronger (What Doesn't Kill You) - Kelly Clarkson,Just Give Me a Reason - Pink featuring Nate Ruess,Rude - Magic!,Blank Space - Taylor Swift,Hello - Adele,Closer - The Chainsmokers featuring Halsey,"I Like It - Cardi B, Bad Bunny and J Balvin",7 Rings - Ariana Grande,Life Is Good - Future featuring Drake,Leave the Door Open - Silk Sonic (Bruno Mars and Anderson .Paak),Big Energy - Latto,Die for You - The Weeknd and Ariana Grande,Espresso - Sabrina Carpenter
Amazed - Lonestar,Thank You - Dido,What's Luv? - Fat Joe featuring Ashanti,Miss You - Aaliyah,Hey Ya! - OutKast,Candy Shop - 50 Cent featuring Olivia,Ridin' - Chamillionaire featuring Krayzie Bone,I Wanna Love You - Akon featuring Snoop Dogg,Love in This Club - Usher featuring Young Jeezy,Single Ladies (Put a Ring on It) - Beyoncé,Bad Romance - Lady Gaga,Super Bass - Nicki Minaj,We Found Love - Rihanna featuring Calvin Harris,When I Was Your Man - Bruno Mars,All About That Bass - Meghan Trainor,Watch Me - Silentó,Don't Let Me Down - The Chainsmokers featuring Daya,Body Like a Back Road - Sam Hunt,"The Middle - Zedd, Maren Morris and Grey",Talk - Khalid,Memories - Maroon 5,Drivers License - Olivia Rodrigo,Ghost - Justin Bieber,Fast Car - Luke Combs,Million Dollar Baby - Tommy Richman
Bent - Matchbox Twenty,Again - Lenny Kravitz,U Got It Bad - Usher,Picture - Kid Rock featuring Sheryl Crow,Goodies - Ciara featuring Petey Pablo,Don't Cha - The Pussycat Dolls featuring Busta Rhymes,SexyBack - Justin Timberlake featuring Timbaland,Say It Right - Nelly Furtado,With You - Chris Brown,Heartless - Kanye West,Dynamite - Taio Cruz,Moves like Jagger - Maroon 5 featuring Christina Aguilera,Starships - Nicki Minaj,Cruise - Florida Georgia Line featuring Nelly,Problem - Ariana Grande featuring Iggy Azalea,Earned It - The Weeknd,Can't Stop the Feeling! - Justin Timberlake,Believer - Imagine Dragons,In My Feelings - Drake,Sicko Mode - Travis Scott,The Bones - Maren Morris,Montero (Call Me by Your Name) - Lil Nas X,Super Gremlin - Kodak Black,Snooze - SZA,I Remember Everything - Zach Bryan featuring Kacey Musgraves
He Wasn't Man Enough - Toni Braxton,Independent Women Part I - Destiny's Child,Blurry - Puddle of Mudd,Bring Me to Life - Evanescence featuring Paul McCoy,Lean Back - Terror Squad featuring Fat Joe and Remy Ma,Behind These Hazel Eyes - Kelly Clarkson,Check on It - Beyoncé featuring Slim Thug and Bun B,Glamorous - Fergie featuring Ludacris,Forever - Chris Brown,Gives You Hell - The All-American Rejects,Break Your Heart - Taio Cruz featuring Ludacris,Just Can't Get Enough - The Black Eyed Peas,What Makes You Beautiful - One Direction,Roar - Katy Perry,Stay with Me - Sam Smith,The Hills - The Weeknd,Closer - The Chainsmokers featuring Halsey,Congratulations - Post Malone featuring Quavo,Girls Like You - Maroon 5 featuring Cardi B,Sucker - Jonas Brothers,Someone You Loved - Lewis Capaldi,Peaches - Justin Bieber featuring Daniel Caesar and Giveon,Cold Heart (Pnau Remix) - Elton John and Dua Lipa,I'm Good (Blue) - David Guetta and Bebe Rexha,Too Sweet - Hozier
Higher - Creed,Hit 'Em Up Style (Oops!) - Blu Cantrell,Complicated - Avril Lavigne,Get Low - Lil Jon & The East Side Boyz featuring Ying Yang Twins,Tipsy - J-Kwon,Disco Inferno - 50 Cent,Be Without You - Mary J. Blige,Don't Matter - Akon,Sexy Can I - Ray J featuring Yung Berg,You Belong with Me - Taylor Swift,Nothin' on You - B.o.B featuring Bruno Mars,On the Floor - Jennifer Lopez featuring Pitbull,Wild Ones - Flo Rida featuring Sia,Locked Out of Heaven - Bruno Mars,Timber - Pitbull featuring Kesha,Cheerleader (Felix Jaehn Remix) - OMI,Cheap Thrills - Sia featuring Sean Paul,Say You Won't Let Go - James Arthur,Nice for What - Drake,High Hopes - Panic! at the Disco,Say So - Doja Cat,Butter - BTS,Wait for U - Future featuring Drake and Tems,Unholy - Sam Smith and Kim Petras,Stick Season - Noah Kahan
Try Again - Aaliyah,It Wasn't Me - Shaggy featuring Rikrok,Always on Time - Ja Rule featuring Ashanti,Baby Boy - Beyoncé featuring Sean Paul,Confessions Part II - Usher,You and Me - Lifehouse,Grillz - Nelly featuring Paul Wall and Ali & Gipp,Girlfriend - Avril Lavigne,Take a Bow - Rihanna,Dead and Gone - T.I. featuring Justin Timberlake,I Like It - Enrique Iglesias featuring Pitbull,S&M - Rihanna,Set Fire to the Rain - Adele,Ho Hey - The Lumineers,Pompeii - Bastille,Can't Feel My Face - The Weeknd,7 Years - Lukas Graham,"I'm the One - DJ Khaled featuring Justin Bieber, Quavo, Chance the Rapper and Lil Wayne",Lucid Dreams - Juice Wrld,"Thank U, Next - Ariana Grande",I Hope - Gabby Barrett featuring Charlie Puth,Stay - The Kid Laroi and Justin Bieber,About Damn Time - Lizzo,You Proof - Morgan Wallen,Cruel Summer - Taylor Swift
"Jumpin', Jumpin' - Destiny's Child",Stutter - Joe featuring Mystikal,Ain't It Funny (Murder Remix) - Jennifer Lopez featuring Ja Rule,"Shake Ya Tailfeather - Nelly, P. Diddy and Murphy Lee",Slow Motion - Juvenile featuring Soulja Slim,Don't Phunk with My Heart - The Black Eyed Peas,Over My Head (Cable Car) - The Fray,Makes Me Wonder - Maroon 5,Viva la Vida - Coldplay,You Found Me - The Fray,BedRock - Young Money featuring Lloyd,Pumped Up Kicks - Foster the People,Sexy and I Know It - LMFAO,Stay - Rihanna featuring Mikky Ekko,Shake It Off - Taylor Swift,Love Me Like You Do - Ellie Goulding,Needed Me - Rihanna,XO Tour Llif3 - Lil Uzi Vert,Better Now - Post Malone,Truth Hurts - Lizzo,"Whats Poppin - Jack Harlow featuring DaBaby, Tory Lanez and Lil Wayne",Deja Vu - Olivia Rodrigo,Bad Habits - Ed Sheeran,Something in the Orange - Zach Bryan,Greedy - Tate McRae
Thong Song - Sisqó,It's Been Awhile - Staind,The Middle - Jimmy Eat World,21 Questions - 50 Cent featuring Nate Dogg,Freek-a-Leek - Petey Pablo,Lose Control - Missy Elliott featuring Ciara and Fatman Scoop,Me & U - Cassie,Party Like a Rockstar - Shop Boyz,I Kissed a Girl - Katy Perry,Use Somebody - Kings of Leon,In My Head - Jason Derulo,Last Friday Night (T.G.I.F.) - Katy Perry,Some Nights - Fun,Get Lucky - Daft Punk featuring Pharrell Williams,Am I Wrong - Nico & Vinz,Take Me to Church - Hozier,My House - Flo Rida,Mask Off - Future,Finesse - Bruno Mars featuring Cardi B,Dancing with a Stranger - Sam Smith and Normani,Dance Monkey - Tones and I,Positions - Ariana Grande,Thats What I Want - Lil Nas X,Rich Flex - Drake and 21 Savage,"Like That - Future, Metro Boomin and Kendrick Lamar"
Kryptonite - 3 Doors Down,U Remind Me - Usher,I Need a Girl (Part One) - P. Diddy featuring Usher and Loon,All I Have - Jennifer Lopez featuring LL Cool J,Here Without You - 3 Doors Down,Shake It Off - Mariah Carey,Buttons - Pussycat Dolls featuring Snoop Dogg,Smack That - Akon featuring Eminem,Whatever You Like - T.I.,Knock You Down - Keri Hilson featuring Kanye West and Ne-Yo,Rude Boy - Rihanna,Just the Way You Are - Bruno Mars,Wide Awake - Katy Perry,Royals - Lorde,Turn Down for What - DJ Snake and Lil Jon,Bad Blood - Taylor Swift featuring Kendrick Lamar,I Took a Pill in Ibiza - Mike Posner,Unforgettable - French Montana featuring Swae Lee,Boo'd Up - Ella Mai,Señorita - Shawn Mendes and Camila Cabello,Savage - Megan Thee Stallion featuring Beyoncé,Bad Habits - Ed Sheeran,Enemy - Imagine Dragons and JID,As It Was - Harry Styles,Birds of a Feather - Billie Eilish
There You Go - Pink,Where the Party At - Jagged Edge with Nelly,U Don't Have to Call - Usher,Beautiful - Christina Aguilera,Slow Jamz - Twista featuring Kanye West and Jamie Foxx,Mr. Brightside - The Killers,Run It! - Chris Brown featuring Juelz Santana,This Is Why I'm Hot - Mims,Disturbia - Rihanna,Blame It - Jamie Foxx featuring T-Pain,Telephone - Lady Gaga featuring Beyoncé,Tonight (I'm Lovin' You) - Enrique Iglesias featuring Ludacris and DJ Frank E,Good Feeling - Flo Rida,I Knew You Were Trouble. - Taylor Swift,The Monster - Eminem featuring Rihanna,Lean On - Major Lazer and DJ Snake featuring MØ,Work from Home - Fifth Harmony featuring Ty Dolla Sign,24K Magic - Bruno Mars,New Rules - Dua Lipa,I Don't Care - Ed Sheeran and Justin Bieber,Roxanne - Arizona Zervas,Heat Waves - Glass Animals,Industry Baby - Lil Nas X and Jack Harlow,Rock and a Hard Place - Bailey Zimmerman,Please Please Please - Sabrina Carpenter
Music - Madonna,Angel - Shaggy featuring Rayvon,Family Affair - Mary J. Blige,I Know What You Want - Busta Rhymes and Mariah Carey featuring Flipmode Squad,Someday - Nickelback,Just a Lil Bit - 50 Cent,So Sick - Ne-Yo,It's Not Over - Daughtry,Don't Stop the Music - Rihanna,I Know You Want Me (Calle Ocho) - Pitbull,Teenage Dream - Katy Perry,Raise Your Glass - Pink,Whistle - Flo Rida,We Can't Stop - Miley Cyrus,Say Something - A Great Big World and Christina Aguilera,Want to Want Me - Jason Derulo,This Is What You Came For - Calvin Harris featuring Rihanna,Stay - Zedd and Alessia Cara,Sad! - XXXTentacion,"Eastside - Benny Blanco, Halsey and Khalid",Intentions - Justin Bieber featuring Quavo,Without You - The Kid Laroi,ABCDEFU - Gayle,Under the Influence - Chris Brown,Agora Hills - Doja Cat
Doesn't Really Matter - Janet Jackson,Ride wit Me - Nelly featuring City Spud,"I Need a Girl (Part Two) - P. Diddy featuring Ginuwine, Loon and Mario Winans",I'm with You - Avril Lavigne,Naughty Girl - Beyoncé,Pon de Replay - Rihanna,It's Goin' Down - Yung Joc featuring Nitti,The Way I Are - Timbaland featuring Keri Hilson,Pocketful of Sunshine - Natasha Bedingfield,Live Your Life - T.I. featuring Rihanna,Just the Way You Are - Bruno Mars,Born This Way - Lady Gaga,One More Night - Maroon 5,Wrecking Ball - Miley Cyrus,Team - Lorde,Shake It Off - Taylor Swift,Cake by the Ocean - DNCE,Wild Thoughts - DJ Khaled featuring Rihanna and Bryson Tiller,Never Be the Same - Camila Cabello,Going Bad - Meek Mill featuring Drake,Everything I Wanted - Billie Eilish,Forever After All - Luke Combs,Need to Know - Doja Cat,Cruel Summer - Taylor Swift,"Good Luck, Babe! - Chappell Roan"
What a Girl Wants - Christina Aguilera,Follow Me - Uncle Kracker,Gangsta Lovin' - Eve featuring Alicia Keys,Drift Away - Uncle Kracker featuring Dobie Gray,My Immortal - Evanescence,How We Do - The Game featuring 50 Cent,SOS - Rihanna,Fergalicious - Fergie featuring will.i.am,Kiss Kiss - Chris Brown featuring T-Pain,Kiss Me thru the Phone - Soulja Boy Tell 'Em featuring Sammie,Cooler Than Me - Mike Posner,Fuckin' Perfect - Pink,Drive By - Train,Wake Me Up - Avicii,Let Her Go - Passenger,Where Are Ü Now - Skrillex and Diplo (Jack Ü) featuring Justin Bieber,"Me, Myself & I - G-Eazy and Bebe Rexha",Black Beatles - Rae Sremmurd featuring Gucci Mane,Love Lies - Khalid and Normani,Shallow - Lady Gaga and Bradley Cooper,Roses (Imanbek remix) - Saint Jhn,Go Crazy - Chris Brown and Young Thug,Wasted on You - Morgan Wallen,Thinkin' Bout Me - Morgan Wallen,Saturn - SZA
Back at One - Brian McKnight,Peaches & Cream - 112,My Sacrifice - Creed,Magic Stick - Lil' Kim featuring 50 Cent,Sunshine - Lil' Flip featuring Lea,Beverly Hills - Weezer,I Write Sins Not Tragedies - Panic! at the Disco,Crank That (Soulja Boy) - Soulja Boy Tell 'Em,Closer - Ne-Yo,Down - Jay Sean featuring Lil Wayne,Imma Be - The Black Eyed Peas,What's My Name? - Rihanna featuring Drake,The Motto - Drake featuring Lil Wayne,Suit & Tie - Justin Timberlake featuring Jay-Z,Royals - Lorde,Fight Song - Rachel Platten,Ride - Twenty One Pilots,Starboy - The Weeknd featuring Daft Punk,No Tears Left to Cry - Ariana Grande,Better - Khalid,Watermelon Sugar - Harry Styles,Astronaut in the Ocean - Masked Wolf,Me Porto Bonito - Bad Bunny and Chencho Corleone,Boy's a Liar Pt. 2 - PinkPantheress and Ice Spice,Snooze - SZA
Bye Bye Bye - NSYNC,Drive - Incubus,Without Me - Eminem,P.I.M.P. - 50 Cent,Dirt off Your Shoulder - Jay-Z,Oh - Ciara featuring Ludacris,Move Along - The All-American Rejects,Give It to Me - Timbaland featuring Nelly Furtado and Justin Timberlake,Bubbly - Colbie Caillat,The Climb - Miley Cyrus,Empire State of Mind - Jay-Z featuring Alicia Keys,Look at Me Now - Chris Brown featuring Lil Wayne and Busta Rhymes,Where Have You Been - Rihanna,Cups (Pitch Perfect's When I'm Gone) - Anna Kendrick,Let It Go - Idina Menzel,679 - Fetty Wap featuring Remy Boyz,Heathens - Twenty One Pilots,Location - Khalid,Mine - Bazzi,No Guidance - Chris Brown featuring Drake,Before You Go - Lewis Capaldi,34+35 - Ariana Grande featuring Doja Cat and Megan Thee Stallion,Woman - Doja Cat,Favorite Song - Toosii,Paint the Town Red - Doja Cat
You Sang to Me - Marc Anthony,What Would You Do? - City High,Hero - Enrique Iglesias,"Bump, Bump, Bump - B2K and P. Diddy",Move Ya Body - Nina Sky featuring Jabba,Lonely No More - Rob Thomas,London Bridge - Fergie,What Goes Around... Comes Around - Justin Timberlake,Touch My Body - Mariah Carey,Best I Ever Had - Drake,DJ Got Us Fallin' in Love - Usher featuring Pitbull,Down on Me - Jeremih featuring 50 Cent,Everybody Talks - Neon Trees,Holy Grail - Jay-Z featuring Justin Timberlake,Wake Me Up - Avicii,Lips Are Movin - Meghan Trainor,Pillowtalk - Zayn,Attention - Charlie Puth,Thunder - Imagine Dragons,Girls Like You - Maroon 5 featuring Cardi B,Falling - Trevor Daniel,What You Know Bout Love - Pop Smoke,Tití Me Preguntó - Bad Bunny,Thought You Should Know - Morgan Wallen,Fortnight - Taylor Swift featuring Post Malone
I Need to Know - Marc Anthony,Survivor - Destiny's Child,All You Wanted - Michelle Branch,Into You - Fabolous featuring Tamia,Dip It Low - Christina Milian,Drop It Like It's Hot - Snoop Dogg featuring Pharrell,Dani California - Red Hot Chili Peppers,Cupid's Chokehold - Gym Class Heroes featuring Patrick Stump,4 Minutes - Madonna featuring Justin Timberlake and Timbaland,My Life Would Suck Without You - Kelly Clarkson,Billionaire - Travie McCoy featuring Bruno Mars,How to Love - Lil Wayne,Take Care - Drake featuring Rihanna,Scream & Shout - will.i.am featuring Britney Spears,Demons - Imagine Dragons,Worth It - Fifth Harmony featuring Kid Ink,Stitches - Shawn Mendes,There's Nothing Holdin' Me Back - Shawn Mendes,Look Alive - BlocBoy JB featuring Drake,Sweet but Psycho - Ava Max,"10,000 Hours - Dan + Shay and Justin Bieber",My Ex's Best Friend - Machine Gun Kelly featuring Blackbear,Running Up That Hill (A Deal with God) - Kate Bush,Thank God - Kane Brown and Katelyn Brown,Fast Car - Luke Combs
Get It On Tonite - Montell Jordan,"Lady Marmalade - Christina Aguilera, Lil' Kim, Mýa and Pink",Get the Party Started - Pink,Can't Let You Go - Fabolous featuring Lil' Mo and Mike Shorey,My Boo - Usher and Alicia Keys,Hate It or Love It - The Game featuring 50 Cent,Snap Yo Fingers - Lil Jon featuring E-40 and Sean Paul,How to Save a Life - The Fray,So What - Pink,Halo - Beyoncé,Not Afraid - Eminem,Someone Like You - Adele,Titanium - David Guetta featuring Sia,Clarity - Zedd featuring Foxes,Story of My Life - One Direction,Post to Be - Omarion featuring Chris Brown and Jhené Aiko,Hotline Bling - Drake,Bodak Yellow - Cardi B,Delicate - Taylor Swift,Suge - DaBaby,WAP - Cardi B featuring Megan Thee Stallion,Industry Baby - Lil Nas X and Jack Harlow,"We Don't Talk About Bruno - Carolina Gaitán, Mauro Castillo, Adassa, Rhenzy Feliz, Diane Guerrero, Stephanie Beatriz and the Encanto cast",Sure Thing - Miguel,Water - Tyla
Incomplete - Sisqó,Ms. Jackson - Outkast,Hero - Chad Kroeger featuring Josey Scott,Mesmerize - Ja Rule featuring Ashanti,One Call Away - Chingy featuring J-Weav,Lovers & Friends - Lil Jon & the East Side Boyz featuring Usher and Ludacris,"Lean wit It, Rock wit It - Dem Franchize Boyz featuring Peanut and Charlay",Home - Daughtry,Paralyzer - Finger Eleven,Hot n Cold - Katy Perry,Replay - Iyaz,Good Life - OneRepublic,I Won't Give Up - Jason Mraz,Sail - Awolnation,Chandelier - Sia,"Honey, I'm Good. - Andy Grammer",Cold Water - Major Lazer featuring Justin Bieber and MØ,Redbone - Childish Gambino,Yes Indeed - Lil Baby and Drake,Middle Child - J. Cole,Ballin' - Mustard and Roddy Ricch,Therefore I Am - Billie Eilish,Late Night Talking - Harry Styles,All My Life - Lil Durk featuring J. Cole,Feather - Sabrina Carpenter
I Try - Macy Gray,Love Don't Cost a Thing - Jennifer Lopez,Wasting My Time - Default,Where Is the Love? - Black Eyed Peas,"Me, Myself and I - Beyoncé",Soldier - Destiny's Child featuring T.I. and Lil Wayne,What Hurts the Most - Rascal Flatts,My Love - Justin Timberlake featuring T.I.,Clumsy - Fergie,Second Chance - Shinedown,Sexy Bitch - David Guetta featuring Akon,The Lazy Song - Bruno Mars,It Will Rain - Bruno Mars,Don't You Worry Child - Swedish House Mafia featuring John Martin,Black Widow - Iggy Azalea featuring Rita Ora,I'm Not the Only One - Sam Smith,Send My Love (To Your New Lover) - Adele,I Don't Wanna Live Forever - Zayn and Taylor Swift,Friends - Marshmello and Anne-Marie,Drip Too Hard - Lil Baby and Gunna,Hot Girl Bummer - Blackbear,Up - Cardi B,I Like You (A Happier Song) - Post Malone featuring Doja Cat,Ella Baila Sola - Eslabon Armado and Peso Pluma,We Can't Be Friends (Wait for Your Love) - Ariana Grande
It's Gonna Be Me - NSYNC,The Way You Love Me - Faith Hill,One Last Breath - Creed,The Game of Love - Santana featuring Michelle Branch,Turn Me On - Kevin Lyttle featuring Spragga Benz,Breakaway - Kelly Clarkson,How to Save a Life - The Fray,Stronger - Kanye West,I'm Yours - Jason Mraz,Circus - Britney Spears,Breakeven - The Script,Till the World Ends - Britney Spears,"Mercy - Kanye West, Big Sean, Pusha T and 2 Chainz",Diamonds - Rihanna,"Bang Bang - Jessie J, Ariana Grande and Nicki Minaj",Good for You - Selena Gomez featuring ASAP Rocky,Roses - The Chainsmokers featuring Rozes,It Ain't Me - Kygo and Selena Gomez,Bad at Love - Halsey,Someone You Loved - Lewis Capaldi,Blueberry Faygo - Lil Mosey,Fancy Like - Walker Hayes,You Proof - Morgan Wallen,Karma - Taylor Swift featuring Ice Spice,Austin - Dasha
That's the Way It Is - Celine Dion,He Loves U Not - Dream,"Whenever, Wherever - Shakira",Lose Yourself - Eminem,The First Cut Is the Deepest - Sheryl Crow,Switch - Will Smith,Unfaithful - Rihanna,We Fly High - Jim Jones,Leavin' - Jesse McCartney,Day 'n' Nite - Kid Cudi,Your Love Is My Drug - Kesha,The Show Goes On - Lupe Fiasco,Boyfriend - Justin Bieber,I Love It - Icona Pop featuring Charli XCX,Latch - Disclosure featuring Sam Smith,All About That Bass - Meghan Trainor,Treat You Better - Shawn Mendes,iSpy - Kyle featuring Lil Yachty,Taste - Tyga featuring Offset,Ransom - Lil Tecca,Heartless - The Weeknd,Dakiti - Bad Bunny and Jhay Cortez,Bad Habit - Steve Lacy,Just Wanna Rock - Lil Uzi Vert,Last Night - Morgan Wallen
Country Grammar (Hot Shit) - Nelly,Butterfly - Crazy Town,I'm Gonna Be Alright - Jennifer Lopez featuring Nas,Rock wit U (Awww Baby) - Ashanti,You Don't Know My Name - Alicia Keys,Let Me Hold You - Bow Wow featuring Omarion,Chasing Cars - Snow Patrol,U + Ur Hand - Pink,Dangerous - Kardinal Offishall featuring Akon,Party in the U.S.A. - Miley Cyrus,I Gotta Feeling - The Black Eyed Peas,The Edge of Glory - Lady Gaga,Party Rock Anthem - LMFAO featuring Lauren Bennett and GoonRock,Safe and Sound - Capital Cities,Maps - Maroon 5,Style - Taylor Swift,Too Good - Drake featuring Rihanna,Issues - Julia Michaels,Let You Down - NF,If I Can't Have You - Shawn Mendes,Bop - DaBaby,Best Friend - Saweetie featuring Doja Cat,Sunroof - Nicky Youre and Dazy,Cuff It - Beyoncé,Cowgirls - Morgan Wallen featuring Ernest
Bring It All to Me - Blaque,Put It on Me - Ja Rule featuring Lil' Mo and Vita,Oh Boy - Cam'ron featuring Juelz Santana,Cry Me a River - Justin Timberlake,My Place - Nelly featuring Jaheim,Like You - Bow Wow featuring Ciara,Lips of an Angel - Hinder,Walk It Out - Unk,Tattoo - Jordin Sparks,Don't Trust Me - 3OH!3,Fireflies - Owl City,We R Who We R - Kesha,Too Close - Alex Clare,Treasure - Bruno Mars,Loyal - Chris Brown featuring Lil Wayne and French Montana or Too Short or Tyga,Hotline Bling - Drake,Low Life - Future featuring The Weeknd,Scars to Your Beautiful - Alessia Cara,No Limit - G-Eazy featuring ASAP Rocky and Cardi B,Goodbyes - Post Malone featuring Young Thug,Lose You to Love Me - Selena Gomez,Rapstar - Polo G,One Right Now - Post Malone and the Weeknd,Vampire - Olivia Rodrigo,Pink Skies - Zach Bryan
Show Me the Meaning of Being Lonely - Backstreet Boys,Family Affair - Mary J. Blige,Heaven - DJ Sammy featuring Yanou and Do,How You Gonna Act Like That - Tyrese,Overnight Celebrity - Twista,Rich Girl - Gwen Stefani featuring Eve,Everytime We Touch - Cascada,Beautiful Girls - Sean Kingston,See You Again - Miley Cyrus,Run This Town - Jay-Z featuring Rihanna and Kanye West,Say Aah - Trey Songz featuring Fabolous,Black and Yellow - Wiz Khalifa,Part of Me - Katy Perry,The Way - Ariana Grande featuring Mac Miller,Best Day of My Life - American Authors,"Hey Mama - David Guetta featuring Nicki Minaj, Bebe Rexha and Afrojack",What Do You Mean? - Justin Bieber,1-800-273-8255 - Logic featuring Alessia Cara and Khalid,Fefe - 6ix9ine featuring Nicki Minaj and Murda Beatz,Zeze - Kodak Black featuring Travis Scott and Offset,Good as Hell - Lizzo,Heartbreak Anniversary - Giveon,Good 4 U - Olivia Rodrigo,FukUMean - Gunna,Thinkin' Bout Me - Morgan Wallen
"Hot Boyz - Missy Elliott featuring Nas, Eve and Q-Tip",I Hope You Dance - Lee Ann Womack,Hey Baby - No Doubt featuring Bounty Killer,Rock Your Body - Justin Timberlake,Hotel - Cassidy featuring R. Kelly,My Humps - The Black Eyed Peas,Ain't No Other Man - Christina Aguilera,"This Ain't a Scene, It's an Arms Race - Fall Out Boy",Shake It - Metro Station,Let It Rock - Kevin Rudolf featuring Lil Wayne,Find Your Love - Drake,Tonight Tonight - Hot Chelle Rae,"Young, Wild & Free - Snoop Dogg and Wiz Khalifa featuring Bruno Mars",Started from the Bottom - Drake,Habits (Stay High) - Tove Lo,G.D.F.R. - Flo Rida featuring Sage the Gemini and Lookas,The Hills - The Weeknd,Slow Hands - Niall Horan,Tequila - Dan + Shay,Better Now - Post Malone,Toosie Slide - Drake,For the Night - Pop Smoke featuring Lil Baby and DaBaby,Numb Little Bug - Em Beihold,Lavender Haze - Taylor Swift,Texas Hold 'Em - Beyoncé
Back Here - BBMak,South Side - Moby featuring Gwen Stefani,Girlfriend - NSYNC featuring Nelly,No Letting Go - Wayne Wonder,Numb - Linkin Park,Obsession (No Es Amor) - Frankie J featuring Baby Bash,"Dance, Dance - Fall Out Boy",Bartender - T-Pain featuring Akon,Stop and Stare - OneRepublic,Fire Burning - Sean Kingston,Alejandro - Lady Gaga,Blow - Kesha,We Are Never Ever Getting Back Together - Taylor Swift,Come & Get It - Selena Gomez,Summer - Calvin Harris,What Do You Mean? - Justin Bieber,Just Like Fire - P!nk,Love on the Brain - Rihanna,Feel It Still - Portugal. The Man,Youngblood - 5 Seconds of Summer,Break My Heart - Dua Lipa,Calling My Phone - Lil Tjay and 6lack,Jimmy Cooks - Drake featuring 21 Savage,Players - Coi Leray,Is It Over Now? - Taylor Swift
It Feels So Good - Sonique,Don't Tell Me - Madonna,Just a Friend 2002 - Mario,Frontin' - Pharrell featuring Jay-Z,Diary - Alicia Keys featuring Tony! Toni! Toné!,Caught Up - Usher,Gold Digger - Kanye West featuring Jamie Foxx,"Pop, Lock & Drop It - Huey",Take You There - Sean Kingston,Whatcha Say - Jason Derulo,Ridin' Solo - Jason Derulo,Lighters - Bad Meets Evil featuring Bruno Mars,As Long as You Love Me - Justin Bieber featuring Big Sean,"Hold On, We're Going Home - Drake featuring Majid Jordan",Boom Clap - Charli XCX,Photograph - Ed Sheeran,Broccoli - DRAM featuring Lil Yachty,I Feel It Coming - The Weeknd featuring Daft Punk,"MotorSport - Migos, Nicki Minaj and Cardi B",Money in the Grave - Drake featuring Rick Ross,Chasin' You - Morgan Wallen,Beautiful Mistakes - Maroon 5 featuring Megan Thee Stallion,Til You Can't - Cody Johnson,Need a Favor - Jelly Roll,Miles on It - Marshmello and Kane Brown
Absolutely (Story of a Girl) - Nine Days,Get Ur Freak On - Missy Elliott,Soak Up the Sun - Sheryl Crow,Landslide - Dixie Chicks,She Will Be Loved - Maroon 5,Listen to Your Heart - DHT featuring Edmee,Money Maker - Ludacris featuring Pharrell,Runaway Love - Ludacris featuring Mary J. Blige,Paper Planes - M.I.A.,LoveGame - Lady Gaga,Just a Dream - Nelly,If I Die Young - The Band Perry,Turn Me On - David Guetta featuring Nicki Minaj,Daylight - Maroon 5,Drunk in Love - Beyoncé featuring Jay-Z,Hello - Adele,Don't - Bryson Tiller,Bounce Back - Big Sean,I Like Me Better - Lauv,Speechless - Dan + Shay,Savage Love (Laxed – Siren Beat) - Jawsh 685 and Jason Derulo,Holy - Justin Bieber featuring Chance the Rapper,Fancy Like - Walker Hayes,Dance the Night - Dua Lipa,I Can Do It with a Broken Heart - Taylor Swift
With Arms Wide Open - Creed,Crazy - K-Ci & JoJo,Don't Let Me Get Me - Pink,Work It - Missy Elliott,White Flag - Dido,Scars - Papa Roach,Ms. New Booty - Bubba Sparxxx featuring Ying Yang Twins,Rockstar - Nickelback,Hot n Cold - Katy Perry,Waking Up in Vegas - Katy Perry,How Low - Ludacris,Stereo Hearts - Gym Class Heroes featuring Adam Levine,Moves like Jagger - Maroon 5 featuring Christina Aguilera,Feel This Moment - Pitbull featuring Christina Aguilera,Anaconda - Nicki Minaj,Stitches - Shawn Mendes,Dangerous Woman - Ariana Grande,Strip That Down - Liam Payne featuring Quavo,Youngblood - 5 Seconds of Summer,"Break Up with Your Girlfriend, I'm Bored - Ariana Grande",No Guidance - Chris Brown featuring Drake,On Me - Lil Baby,The Kind of Love We Make - Luke Combs,Love You Anyway - Luke Combs,Wild Ones - Jessie Murph and Jelly Roll
Be with You - Enrique Iglesias,Fill Me In - Craig David,Nothin' - N.O.R.E.,03 Bonnie & Clyde - Jay-Z featuring Beyoncé,Heaven - Los Lonely Boys,Feel Good Inc. - Gorillaz,(When You Gonna) Give It Up to Me - Sean Paul featuring Keyshia Cole,Thnks fr th Mmrs - Fall Out Boy,Live Your Life - T.I. featuring Rihanna,Birthday Sex - Jeremih,Like a G6 - Far East Movement featuring The Cataracs and Dev,The Time (Dirty Bit) - The Black Eyed Peas,Blow Me (One Last Kiss) - Pink,Applause - Lady Gaga,Break Free - Ariana Grande featuring Zedd,Talking Body - Tove Lo,Jumpman - Drake and Future,Fake Love - Drake,Whatever It Takes - Imagine Dragons,Please Me - Cardi B and Bruno Mars,My Oh My - Camila Cabello featuring DaBaby,You Broke Me First - Tate McRae,I Ain't Worried - OneRepublic,One Thing at a Time - Morgan Wallen,Ain't No Love in Oklahoma - Luke Combs
Come On Over Baby (All I Want Is You) - Christina Aguilera,Someone to Call My Lover - Janet Jackson,Oops (Oh My) - Tweet featuring Missy Elliott,Don't Mess with My Man - Nivea featuring Jagged Edge,It's My Life - No Doubt,Let Me Go - 3 Doors Down,Photograph - Nickelback,What I've Done - Linkin Park,Bust It Baby (Part 2) - Plies featuring Ne-Yo,Sober - Pink,Carry Out - Timbaland featuring Justin Timberlake,Coming Home - Diddy – Dirty Money featuring Skylar Grey,Good Time - Owl City and Carly Rae Jepsen,One More Night - Maroon 5,Bailando - Enrique Iglesias featuring Descemer Bueno and Gente de Zona,Jealous - Nick Jonas,"I Hate U, I Love U - Gnash featuring Olivia O'Brien",Don't Wanna Know - Maroon 5 featuring Kendrick Lamar,Ric Flair Drip - Offset and Metro Boomin,Money - Cardi B,Dynamite - BTS,Traitor - Olivia Rodrigo,Break My Soul - Beyoncé,"Superhero (Heroes & Villains) - Metro Boomin, Future and Chris Brown",Carnival - ¥$ (Kanye West and Ty Dolla Sign) featuring Rich the Kid and Playboi Carti
No More - Ruff Endz,With Arms Wide Open - Creed,A Moment Like This - Kelly Clarkson,So Gone - Monica,Pieces of Me - Ashlee Simpson,Holiday - Green Day,Because of You - Kelly Clarkson,Summer Love - Justin Timberlake,American Boy - Estelle featuring Kanye West,Womanizer - Britney Spears,Haven't Met You Yet - Michael Bublé,Hey Baby (Drop It to the Floor) - Pitbull featuring T-Pain,Give Your Heart a Break - Demi Lovato,Love Me - Lil Wayne featuring Drake and Future,Burn - Ellie Goulding,Time of Our Lives - Pitbull and Ne-Yo,Here - Alessia Cara,Look What You Made Me Do - Taylor Swift,I Fall Apart - Post Malone,You Need to Calm Down - Taylor Swift,Go Crazy - Chris Brown and Young Thug,Back in Blood - Pooh Shiesty featuring Lil Durk,Something in the Orange - Zach Bryan,Bad Habit - Steve Lacy,Houdini - Eminem
All the Small Things - Blink-182,Case of the Ex (Whatcha Gonna Do) - Mýa,Addictive - Truth Hurts featuring Rakim,"Air Force Ones - Nelly featuring Murphy Lee, Ali, and Kyjuan",Leave (Get Out) - JoJo,"Sugar, We're Goin Down - Fall Out Boy",Stickwitu - Pussycat Dolls,You - Lloyd featuring Lil Wayne,Got Money - Lil Wayne featuring T-Pain,Whatever You Like - T.I.,Club Can't Handle Me - Flo Rida featuring David Guetta,Only Girl (In the World) - Rihanna,Niggas in Paris - Jay-Z and Kanye West,My Songs Know What You Did in the Dark (Light Em Up) - Fall Out Boy,Wiggle - Jason Derulo featuring Snoop Dogg,Locked Away - R. City featuring Adam Levine,Same Old Love - Selena Gomez,Castle on the Hill - Ed Sheeran,Pray for Me - The Weeknd and Kendrick Lamar,Panini - Lil Nas X,High Fashion - Roddy Ricch featuring Mustard,I Hope - Gabby Barrett featuring Charlie Puth,Save Your Tears - The Weeknd and Ariana Grande,La Bebé - Yng Lvcas and Peso Pluma,Wanna Be - GloRilla and Megan Thee Stallion
The Way You Love Me - Faith Hill,All or Nothing - O-Town,Happy - Ashanti,"Never Leave You (Uh Oooh, Uh Oooh) - Lumidee",Milkshake - Kelis,Grind with Me - Pretty Ricky,I'm 'n Luv (wit a Stripper) - T-Pain featuring Mike Jones,Wait for You - Elliott Yamin,Our Song - Taylor Swift,Obsessed - Mariah Carey,Down - Jay Sean featuring Lil Wayne,6 Foot 7 Foot - Lil Wayne featuring Cory Gunz,The One That Got Away - Katy Perry,"Fuckin' Problems - ASAP Rocky featuring Drake, 2 Chainz and Kendrick Lamar",Rather Be - Clean Bandit featuring Jess Glynne,Somebody - Natalie La Rose featuring Jeremih,Controlla - Drake,Bad Things - Machine Gun Kelly and Camila Cabello,Back to You - Selena Gomez,Look Back at It - A Boogie wit da Hoodie,Laugh Now Cry Later - Drake featuring Lil Durk,Dynamite - BTS,Smokin out the Window - Silk Sonic (Bruno Mars and Anderson .Paak),Golden Hour - Jvke,Slow It Down - Benson Boone
I Turn to You - Christina Aguilera,Bootylicious - Destiny's Child,No Such Thing - John Mayer,Beautiful - Snoop Dogg featuring Pharrell and Charlie Wilson,Splash Waterfalls - Ludacris,Run It! - Chris Brown featuring Juelz Santana,My Humps - The Black Eyed Peas,Last Night - Diddy featuring Keyshia Cole,Damaged - Danity Kane,Mad - Ne-Yo,Bulletproof - La Roux,Just a Kiss - Lady Antebellum,Feel So Close - Calvin Harris,Beauty and a Beat - Justin Bieber featuring Nicki Minaj,Don't Tell 'Em - Jeremih featuring YG,"FourFiveSeconds - Rihanna, Kanye West and Paul McCartney",Like I'm Gonna Lose You - Meghan Trainor featuring John Legend,Paris - The Chainsmokers,Sicko Mode - Travis Scott,A Lot - 21 Savage,Woah - Lil Baby,Wockesha - Moneybagg Yo,Levitating - Dua Lipa,Religiously - Bailey Zimmerman,Redrum - 21 Savage
Never Let You Go - Third Eye Blind,I'm Like a Bird - Nelly Furtado,Just Like a Pill - Pink,Gossip Folks - Missy Elliott featuring Ludacris,Jesus Walks - Kanye West,Photograph - Nickelback,Where'd You Go - Fort Minor featuring Holly Brook and Jonah Matranga,Make It Rain - Fat Joe featuring Lil Wayne,A Milli - Lil Wayne,Good Girls Go Bad - Cobra Starship featuring Leighton Meester,Whatcha Say - Jason Derulo,Dirt Road Anthem - Jason Aldean,Someone like You - Adele,Same Love - Macklemore & Ryan Lewis featuring Mary Lambert,Show Me - Kid Ink featuring Chris Brown,Centuries - Fall Out Boy,One Call Away - Charlie Puth,Side to Side - Ariana Grande featuring Nicki Minaj,Walk It Talk It - Migos featuring Drake,Me! - Taylor Swift featuring Brendon Urie,Death Bed - Powfu featuring Beabadoobee,You Right - Doja Cat and the Weeknd,In a Minute - Lil Baby,Spin Bout U - Drake and 21 Savage,Houdini - Dua Lipa
I Need You - LeAnn Rimes,Kryptonite - 3 Doors Down,"Down 4 U - Ja Rule featuring Ashanti, Charli Baltimore and Vita",Miss Independent - Kelly Clarkson,Locked Up - Akon featuring Styles P,Lonely - Akon,Yo (Excuse Me Miss) - Chris Brown,Make Me Better - Fabolous featuring Ne-Yo,Sorry - Buckcherry,Love Lockdown - Kanye West,Baby - Justin Bieber featuring Ludacris,Dynamite - Taio Cruz,Scream - Usher,Sweet Nothing - Calvin Harris featuring Florence Welch,Wrecking Ball - Miley Cyrus,My Way - Fetty Wap featuring Monty,Let It Go - James Bay,Rockabye - Clean Bandit featuring Sean Paul and Anne-Marie,Gucci Gang - Lil Pump,Mia - Bad Bunny featuring Drake,Señorita - Shawn Mendes and Camila Cabello,"Beat Box 2"" / ""Beat Box 3 - SpotemGottem featuring Pooh Shiesty / SpotemGottem featuring DaBaby",Moscow Mule - Bad Bunny,Cupid - Fifty Fifty,Yeah Glo! - GloRilla
Thank God I Found You - Mariah Carey featuring Joe and 98 Degrees,Fiesta - R. Kelly featuring Jay-Z,Can't Get You Out of My Head - Kylie Minogue,Calling All Angels - Train,Stand Up - Ludacris featuring Shawnna,Collide - Howie Day,Walk Away - Kelly Clarkson,Ice Box - Omarion,Independent - Webbie featuring Lil Boosie and Lil Phat,So What - Pink,Whataya Want from Me - Adam Lambert,No Hands - Waka Flocka Flame featuring Wale and Roscoe Dash,Rack City - Tyga,Summertime Sadness - Lana Del Rey and Cédric Gervais,Not a Bad Thing - Justin Timberlake,Take Your Time - Sam Hunt,No - Meghan Trainor,Feel It Still - Portugal. The Man,Him & I - G-Eazy and Halsey,Pop Out - Polo G featuring Lil Tjay,Highest in the Room - Travis Scott,Laugh Now Cry Later - Drake featuring Lil Durk,You Right - Doja Cat and the Weeknd,Search & Rescue - Drake,Rich Baby Daddy - Drake featuring Sexyy Red and SZA
Let's Get Married - Jagged Edge,When It's Over - Sugar Ray,Superman (It's Not Easy) - Five for Fighting,Damn! - YoungBloodZ featuring Lil Jon,Suga Suga - Baby Bash featuring Frankie J,Wake Me Up When September Ends - Green Day,Laffy Taffy - D4L,Lips of an Angel - Hinder,Can't Believe It - T-Pain featuring Lil Wayne,Hotel Room Service - Pitbull,Mine - Taylor Swift,I Wanna Go - Britney Spears,Domino - Jessie J,Home - Phillip Phillips,Roar - Katy Perry,Animals - Maroon 5,Never Forget You - Zara Larsson and MNEK,Let Me Love You - DJ Snake featuring Justin Bieber,In My Blood - Shawn Mendes,Beautiful Crazy - Luke Combs,Bad Guy - Billie Eilish,Need to Know - Doja Cat,She Had Me at Heads Carolina - Cole Swindell,Barbie World - Nicki Minaj and Ice Spice with Aqua,What Was I Made For? - Billie Eilish
My Love Is Your Love - Whitney Houston,Jaded - Aerosmith,Cleanin' Out My Closet - Eminem,This Is the Night - Clay Aiken,All Falls Down - Kanye West featuring Syleena Johnson,Slow Down - Bobby Valentino,What You Know - T.I.,Waiting on the World to Change - John Mayer,Like You'll Never See Me Again - Alicia Keys,"Crack a Bottle - Eminem, Dr. Dre and 50 Cent",Only Girl (In the World) - Rihanna,"I'm on One - DJ Khaled featuring Drake, Rick Ross and Lil Wayne",Gangnam Style - Psy,It's Time - Imagine Dragons,Ain't It Fun - Paramore,I Don't Fuck with You - Big Sean featuring E-40,Let Me Love You - DJ Snake featuring Justin Bieber,Sorry Not Sorry - Demi Lovato,All the Stars - Kendrick Lamar and SZA,Thotiana - Blueface,Mood - 24kGoldn featuring Iann Dior,Wants and Needs - Drake featuring Lil Baby,Vegas - Doja Cat,Next Thing You Know - Jordan Davis,End of Beginning - Djo
Then the Morning Comes - Smash Mouth,Promise - Jagged Edge,Halfcrazy - Musiq Soulchild,Your Body Is a Wonderland - John Mayer,Toxic - Britney Spears,Over and Over - Nelly featuring Tim McGraw,Dirty Little Secret - The All-American Rejects,Lost Without U - Robin Thicke,Teardrops on My Guitar - Taylor Swift,If I Were a Boy - Beyoncé,Live Like We're Dying - Kris Allen,You Make Me Feel... - Cobra Starship featuring Sabi,International Love - Pitbull featuring Chris Brown,Power Trip - J. Cole featuring Miguel,The Man - Aloe Blacc,Bitch Better Have My Money - Rihanna,Don't Mind - Kent Jones,Bank Account - 21 Savage,Stir Fry - Migos,Lucid Dreams - Juice Wrld,Rain on Me - Lady Gaga and Ariana Grande,Way 2 Sexy - Drake featuring Future and Young Thug,Pushin P - Gunna and Future featuring Young Thug,Escapism - Raye featuring 070 Shake,Lunch - Billie Eilish
Blue (Da Ba Dee) - Eiffel 65,Missing You - Case,"Lights, Camera, Action! - Mr. Cheeks",Headstrong - Trapt,Salt Shaker - Ying Yang Twins featuring Lil Jon & the East Side Boyz,Some Cut - Trillville featuring Cutty,Savin' Me - Nickelback,I'm a Flirt - R. Kelly featuring T.I. and T-Pain,When I Grow Up - Pussycat Dolls,Turnin Me On - Keri Hilson featuring Lil Wayne,Hard - Rihanna featuring Jeezy,Yeah 3x - Chris Brown,Home - Phillip Phillips,Girl on Fire - Alicia Keys featuring Nicki Minaj,This Is How We Roll - Florida Georgia Line featuring Luke Bryan,"Flex (Ooh, Ooh, Ooh) - Rich Homie Quan",H.O.L.Y. - Florida Georgia Line,Can't Stop the Feeling! - Justin Timberlake,Too Good at Goodbyes - Sam Smith,Mo Bamba - Sheck Wes,For the Night - Pop Smoke featuring Lil Baby and DaBaby,Telepatía - Kali Uchis,Buy Dirt - Jordan Davis and Luke Bryan,Un x100to - Grupo Frontera and Bad Bunny,Never Lose Me - Flo Milli
Desert Rose - Sting featuring Cheb Mami,Differences - Ginuwine,Still Fly - Big Tymers,In Those Jeans - Ginuwine,With You - Jessica Simpson,Get It Poppin' - Fat Joe featuring Nelly,Don't Forget About Us - Mariah Carey,If Everyone Cared - Nickelback,Sexual Eruption - Snoop Dogg,I Hate This Part - Pussycat Dolls,Young Forever - Jay-Z featuring Mr Hudson,Moment 4 Life - Nicki Minaj featuring Drake,Without You - David Guetta featuring Usher,Heart Attack - Demi Lovato,Classic - MKTO,Nasty Freestyle - T-Wayne,We Don't Talk Anymore - Charlie Puth featuring Selena Gomez,Mi Gente - J Balvin and Willy William featuring Beyoncé,Love - Kendrick Lamar featuring Zacari,Beautiful People - Ed Sheeran featuring Khalid,Ritmo (Bad Boys for Life) - Black Eyed Peas and J Balvin,Whoopty - CJ,I Hate U - SZA,Until I Found You - Stephen Sanchez,Lies Lies Lies - Morgan Wallen
The Real Slim Shady - Eminem,This I Promise You - NSYNC,A Woman's Worth - Alicia Keys,Stand Up - Ludacris featuring Shawnna,Meant to Live - Switchfoot,Play - David Banner,Sexy Love - Ne-Yo,Get It Shawty - Lloyd,What You Got - Colby O'Donis featuring Akon,Gotta Be Somebody - Nickelback,Blah Blah Blah - Kesha featuring 3OH!3,I Need a Doctor - Dr. Dre featuring Eminem and Skylar Grey,Ass Back Home - Gym Class Heroes featuring Neon Hitch,Love Somebody - Maroon 5,A Sky Full of Stars - Coldplay,"Only - Nicki Minaj featuring Drake, Lil Wayne and Chris Brown",Into You - Ariana Grande,Thunder - Imagine Dragons,This Is America - Childish Gambino,"Wake Up in the Sky - Gucci Mane, Bruno Mars and Kodak Black",Heart on Ice - Rod Wave,Lemonade - Internet Money and Gunna featuring Don Toliver and Nav,Boyfriend - Dove Cameron,Shirt - SZA,"Type Shit - Future, Metro Boomin, Travis Scott, and Playboi Carti"
Most Girls - Pink,Izzo (H.O.V.A.) - Jay-Z,7 Days - Craig David,The Remedy (I Won't Worry) - Jason Mraz,"I Like That - Houston featuring Chingy, Nate Dogg and I-20",Soul Survivor - Young Jeezy featuring Akon,U and Dat - E-40 featuring T-Pain and Kandi Girl,Face Down - The Red Jumpsuit Apparatus,It's Not My Time - 3 Doors Down,Please Don't Leave Me - Pink,Bottoms Up - Trey Songz featuring Nicki Minaj,Just a Dream - Nelly,Wanted - Hunter Hayes,I Will Wait - Mumford & Sons,Don't - Ed Sheeran,Elastic Heart - Sia,Gold - Kiiara,T-shirt - Migos,Nonstop - Drake,Whiskey Glasses - Morgan Wallen,Nobody but You - Blake Shelton and Gwen Stefani,Good Days - SZA,Glimpse of Us - Joji,Paint the Town Red - Doja Cat,Gata Only - FloyyMenor and Cris MJ
Wifey - Next,Superwoman Pt. II - Lil' Mo featuring Fabolous,Hey Ma - Cam'ron featuring Juelz Santana and Freekey Zekey,Why Don't You & I - Santana featuring Alex Band,Sorry 2004 - Ruben Studdard,Pimpin' All Over the World - Ludacris featuring Bobby Valentino,Far Away - Nickelback,The Way I Live - Baby Boy da Prince,Better in Time - Leona Lewis,Paparazzi - Lady Gaga,Do You Remember - Jay Sean featuring Sean Paul and Lil Jon,Motivation - Kelly Rowland featuring Lil Wayne,Drunk on You - Luke Bryan,Try - Pink,Na Na - Trey Songz,Cool for the Summer - Demi Lovato,Exchange - Bryson Tiller,Rake It Up - Yo Gotti featuring Nicki Minaj,Heaven - Kane Brown,God's Country - Blake Shelton,Trampoline - Shaed,Starting Over - Chris Stapleton,Surface Pressure - Jessica Darrow,Made You Look - Meghan Trainor,Hot to Go! - Chappell Roan
Wonderful - Everclear,Crazy for This Girl - Evan and Jaron,Work It - Missy Elliott,Excuse Me Miss - Jay-Z,My Happy Ending - Avril Lavigne,My Boo - Usher and Alicia Keys,What's Left of Me - Nick Lachey,Shortie Like Mine - Bow Wow featuring Chris Brown and Johntá Austin,Crank That (Soulja Boy) - Soulja Boy Tell 'Em,Beautiful - Akon featuring Colby O'Donis and Kardinal Offishall,All the Right Moves - OneRepublic,Stereo Love - Edward Maya featuring Vika Jigulina,No Lie - 2 Chainz featuring Drake,Wagon Wheel - Darius Rucker,Hot Boy - Bobby Shmurda,Renegades - X Ambassadors,679 - Fetty Wap featuring Remy Boyz,Mercy - Shawn Mendes,Bodak Yellow - Cardi B,Be Alright - Dean Lewis,Come & Go - Juice Wrld and Marshmello,Body - Megan Thee Stallion,Fall in Love - Bailey Zimmerman,Wait in the Truck - Hardy featuring Lainey Wilson,All I Want for Christmas Is You - Mariah Carey
Oops!... I Did It Again - Britney Spears,Nobody Wants to Be Lonely - Ricky Martin and Christina Aguilera,Move Bitch - Ludacris featuring Mystikal and I-20,Jenny from the Block - Jennifer Lopez featuring Jadakiss and Styles P,On Fire - Lloyd Banks,"Sugar (Gimme Some) - Trick Daddy featuring Ludacris, Lil' Kim and Cee Lo Green",So What - Field Mob featuring Ciara,It Ends Tonight - The All-American Rejects,Shadow of the Day - Linkin Park,Viva la Vida - Coldplay,According to You - Orianthi,Jar of Hearts - Christina Perri,Want U Back - Cher Lloyd,Gangnam Style - Psy,"Hold On, We're Going Home - Drake featuring Majid Jordan",I Don't Mind - Usher featuring Juicy J,Oui - Jeremih,Tunnel Vision - Kodak Black,Freaky Friday - Lil Dicky featuring Chris Brown,Pure Water - Mustard and Migos,Truth Hurts - Lizzo,Willow - Taylor Swift,Love Nwantiti (Ah Ah Ah) - CKay,All I Want for Christmas Is You - Mariah Carey,Get It Sexyy - Sexyy Red
I Wanna Love You Forever - Jessica Simpson,I Just Wanna Love U (Give It 2 Me) - Jay-Z,Can't Fight the Moonlight - LeAnn Rimes,Are You Happy Now? - Michelle Branch,Roses - OutKast,Karma - Alicia Keys,Do It to It - Cherish featuring Sean Paul of the YoungBloodZ,A Bay Bay - Hurricane Chris,"Sweetest Girl (Dollar Bill) - Wyclef Jean featuring Akon, Lil Wayne and Niia",Right Now (Na Na Na) - Akon,My Chick Bad - Ludacris featuring Nicki Minaj,Roll Up - Wiz Khalifa,Don't Wake Me Up - Chris Brown,I Need Your Love - Calvin Harris featuring Ellie Goulding,Sing - Ed Sheeran,Love Me Harder - Ariana Grande and The Weeknd,Hands to Myself - Selena Gomez,Rockstar - Post Malone featuring 21 Savage,Gummo - 6ix9ine,The Git Up - Blanco Brown,If the World Was Ending - JP Saxe featuring Julia Michaels,Bang! - AJR,Super Freaky Girl - Nicki Minaj,Everything I Love - Morgan Wallen,Made for Me - Muni Long
Give Me Just One Night (Una Noche) - 98 Degrees,One Minute Man - Missy Elliott featuring Ludacris,Escape - Enrique Iglesias,Forever and for Always - Shania Twain,Walked Outta Heaven - Jagged Edge,Speed of Sound - Coldplay,Black Horse and the Cherry Tree - KT Tunstall,Because of You - Ne-Yo,Miss Independent - Ne-Yo,Battlefield - Jordin Sparks,You Belong with Me - Taylor Swift,Sexy and I Know It - LMFAO,Dance (A$$) - Big Sean featuring Nicki Minaj,Die Young - Kesha,Radioactive - Imagine Dragons,Wildest Dreams - Taylor Swift,2 Phones - Kevin Gates,In Case You Didn't Know - Brett Young,Plug Walk - Rich the Kid,"Taki Taki - DJ Snake featuring Selena Gomez, Ozuna and Cardi B",We Paid - Lil Baby and 42 Dugg,Better Together - Luke Combs,Hrs and Hrs - Muni Long,Chemical - Post Malone,Vampire - Olivia Rodrigo
Take a Picture - Filter,Danger (Been So Long) - Mystikal featuring Nivea,More Than A Woman - Aaliyah,I Can - Nas,Lose My Breath - Destiny's Child,I Don't Want to Be - Gavin DeGraw,There It Go (The Whistle Song) - Juelz Santana,I Tried - Bone Thugs-n-Harmony featuring Akon,Fall for You - Secondhand Serenade,Sugar - Flo Rida featuring Wynter,Meet Me Halfway - The Black Eyed Peas,Rocketeer - Far East Movement featuring Ryan Tedder,Springsteen - Eric Church,Some Nights - Fun,My Hitta - YG featuring Jeezy and Rich Homie Quan,Stay with Me - Sam Smith,Starboy - The Weeknd featuring Daft Punk,Heathens - Twenty One Pilots,Wait - Maroon 5,Close to Me - Ellie Goulding and Diplo featuring Swae Lee,Yummy - Justin Bieber,You're Mines Still - Yung Bleu featuring Drake,Sand in My Boots - Morgan Wallen,Heart Like a Truck - Lainey Wilson,Whatever She Wants - Bryson Tiller
Otherside - Red Hot Chili Peppers,Only Time - Enya,Hella Good - No Doubt,Underneath It All - No Doubt featuring Lady Saw,My Band - D12,Mockingbird - Eminem,Shoulder Lean - Young Dro featuring T.I.,Welcome To The Black Parade - My Chemical Romance,In the Ayer - Flo Rida featuring will.i.am,Miss Independent - Ne-Yo,Take It Off - Kesha,All of the Lights - Kanye West,Brokenhearted - Karmin,Bad - Wale featuring Tiara Thomas or Rihanna,Cool Kids - Echosmith,You Know You Like It - DJ Snake and AlunaGeorge,For Free - DJ Khaled featuring Drake,Now or Never - Halsey,Be Careful - Cardi B,Envy Me - Calboy,One Man Band - Old Dominion,Every Chance I Get - DJ Khaled featuring Lil Baby and Lil Durk,Mamiii - Becky G and Karol G,"Going, Going, Gone - Luke Combs",Rockin' Around the Christmas Tree - Brenda Lee
Big Pimpin' - Jay-Z featuring UGK,I Do!! - Toya,I Love You - Faith Evans,If You're Not the One - Daniel Bedingfield,I'm Still in Love with You - Sean Paul featuring Sasha,La Tortura - Shakira featuring Alejandro Sanz,Unpredictable - Jamie Foxx featuring Ludacris,Shawty - Plies featuring T-Pain,Say - John Mayer,Fireflies - Owl City,Over - Drake,Hold It Against Me - Britney Spears,Not Over You - Gavin DeGraw,Boys 'Round Here - Blake Shelton featuring Pistol Annies and Friends,Hey Brother - Avicii,Uma Thurman - Fall Out Boy,Never Be Like You - Flume featuring Kai,Caroline - Aminé,Wolves - Selena Gomez and Marshmello,You Say - Lauren Daigle,Got What I Got - Jason Aldean,Essence - Wizkid featuring Justin Bieber and Tems,Knife Talk - Drake featuring 21 Savage and Project Pat,Rockin' Around the Christmas Tree - Brenda Lee,Pretty Little Poison - Warren Zeiders
Purest of Pain (A Puro Dolor) - Son by Four,Never Had a Dream Come True - S Club 7,Gotta Get thru This - Daniel Bedingfield,Thoia Thoing - R. Kelly,Through the Wire - Kanye West,She Will Be Loved - Maroon 5,My Love - Justin Timberlake featuring T.I.,Chasing Cars - Snow Patrol,One Step at a Time - Jordin Sparks,New Divide - Linkin Park,Animal - Neon Trees,More - Usher,Stereo Hearts - Gym Class Heroes featuring Adam Levine,"Gone, Gone, Gone - Phillip Phillips",Trumpets - Jason Derulo,7/11 - Beyoncé,In the Night - The Weeknd,Rolex - Ayo & Teo,Bartier Cardi - Cardi B featuring 21 Savage,"Hey Look Ma, I Made It - Panic! at the Disco",Sunday Best - Surfaces,Chasing After You - Ryan Hurd and Maren Morris,AA - Walker Hayes,Dancin' in the Country - Tyler Hubbard,First Person Shooter - Drake featuring J. Cole
He Can't Love U - Jagged Edge,Stranger in My House - Tamia,"Pass the Courvoisier, Part II - Busta Rhymes featuring P. Diddy and Pharrell",Here Without You - 3 Doors Down,Why? - Jadakiss featuring Anthony Hamilton,Baby I'm Back - Baby Bash featuring Akon,Shake That - Eminem featuring Nate Dogg,Beautiful Liar - Beyoncé and Shakira,Hate That I Love You - Rihanna featuring Ne-Yo,Empire State of Mind - Jay-Z featuring Alicia Keys,Misery - Maroon 5,What the Hell - Avril Lavigne,Back in Time - Pitbull,Demons - Imagine Dragons,Animals - Maroon 5,The Heart Wants What It Wants - Selena Gomez,Me Too - Meghan Trainor,DNA - Kendrick Lamar,God Is a Woman - Ariana Grande,Circles - Post Malone,Godzilla - Eminem featuring Juice Wrld,The Good Ones - Gabby Barrett,Sweetest Pie - Megan Thee Stallion and Dua Lipa,Daylight - David Kushner,Die with a Smile - Lady Gaga and Bruno Mars
Separated - Avant,Irresistible - Jessica Simpson,Lose Yourself - Eminem,Wanksta - 50 Cent,Fuck It (I Don't Want You Back) - Eamon,Wait (The Whisper Song) - Ying Yang Twins,Pullin' Me Back - Chingy featuring Tyrese,SexyBack - Justin Timberlake featuring Timbaland,Superstar - Lupe Fiasco featuring Matthew Santos,No Surprise - Daughtry,Magic - B.o.B featuring Rivers Cuomo,Written in the Stars - Tinie Tempah featuring Eric Turner,Work Out - J. Cole,Counting Stars - OneRepublic,Burnin' It Down - Jason Aldean,Girl Crush - Little Big Town,Ex's & Oh's - Elle King,Juju on That Beat (TZ Anthem) - Zay Hilfigerrr & Zayion McCall,"Big Bank - YG featuring 2 Chainz, Nicki Minaj and Big Sean",Beer Never Broke My Heart - Luke Combs,Bandit - Juice Wrld and YoungBoy Never Broke Again,Leave Before You Love Me - Marshmello and Jonas Brothers,Provenza - Karol G,Lift Me Up - Rihanna,I Like the Way You Kiss Me - Artemas
I Wish - Carl Thomas,Heard It All Before - Sunshine Anderson,Butterflies - Michael Jackson,My Love Is Like...Wo - Mýa,Read Your Mind - Avant,Incomplete - Backstreet Boys,Bossy - Kelis featuring Too Short,Keep Holding On - Avril Lavigne,Suffocate - J. Holiday,She Wolf - Shakira,Paparazzi - Lady Gaga,Bottoms Up - Trey Songz featuring Nicki Minaj,Rumour Has It - Adele,I Cry - Flo Rida,Play It Again - Luke Bryan,Slow Motion - Trey Songz,Die a Happy Man - Thomas Rhett,Swang - Rae Sremmurd,Sorry Not Sorry - Demi Lovato,"The London - Young Thug, J. Cole and Travis Scott",Party Girl - StaySolidRocky,Glad You Exist - Dan + Shay,Essence - Wizkid featuring Justin Bieber and Tems,Eyes Closed - Ed Sheeran,Need a Favor - Jelly Roll
U Know What's Up - Donell Jones,The Space Between - Dave Matthews Band,What About Us? - Brandy,It's Five O'Clock Somewhere - Alan Jackson featuring Jimmy Buffett,Game Over (Flip) - Lil' Flip,Bring Em Out - T.I.,Chain Hang Low - Jibbs,Let It Go - Keyshia Cole featuring Missy Elliott and Lil' Kim,Let It Rock - Kevin Rudolf featuring Lil Wayne,Break Up - Mario featuring Gucci Mane and Sean Garrett,Tie Me Down - New Boyz featuring Ray J,DJ Got Us Fallin' in Love - Usher featuring Pitbull,Let's Go - Calvin Harris featuring Ne-Yo,Little Talks - Of Monsters and Men,2 On - Tinashe featuring ScHoolboy Q,Drag Me Down - One Direction,White Iverson - Post Malone,Passionfruit - Drake,How Long - Charlie Puth,Con Calma - Daddy Yankee and Katy Perry featuring Snow,Die from a Broken Heart - Maddie & Tae,Lonely - Justin Bieber and Benny Blanco,All I Want for Christmas Is You - Mariah Carey,TQG - Karol G and Shakira,Save Me - Jelly Roll featuring Lainey Wilson
Faded - soulDecision featuring Thrust,There You'll Be - Faith Hill,Underneath Your Clothes - Shakira,Like Glue - Sean Paul,One Thing - Finger Eleven,Cater 2 U - Destiny's Child,Smack That - Akon featuring Eminem,Apologize - OneRepublic,Get Like Me - David Banner featuring Chris Brown and Yung Joc,Sweet Dreams - Beyoncé,Your Love - Nicki Minaj,For the First Time - The Script,Good Girl - Carrie Underwood,The Other Side - Jason Derulo,Dirt - Florida Georgia Line,Truffle Butter - Nicki Minaj featuring Drake and Lil Wayne,Close - Nick Jonas featuring Tove Lo,Loyalty - Kendrick Lamar featuring Rihanna,Lights Down Low - Max featuring Gnash,Murder on My Mind - YNW Melly,Popstar - DJ Khaled featuring Drake,Beggin' - Måneskin,Bam Bam - Camila Cabello featuring Ed Sheeran,Try That in a Small Town - Jason Aldean,Euphoria - Kendrick Lamar
Only God Knows Why - Kid Rock,Love - Musiq Soulchild,Rainy Dayz - Mary J. Blige featuring Ja Rule,Can't Hold Us Down - Christina Aguilera featuring Lil' Kim,Headsprung - LL Cool J,1 Thing - Amerie,One Wish - Ray J,Bubbly - Colbie Caillat,Realize - Colbie Caillat,Every Girl - Young Money,Party in the U.S.A. - Miley Cyrus,Honey Bee - Blake Shelton,Pontoon - Little Big Town,Berzerk - Eminem,Love Runs Out - OneRepublic,One Last Time - Ariana Grande,Unsteady - X Ambassadors,Praying - Kesha,Young Dumb & Broke - Khalid,When the Party's Over - Billie Eilish,All I Want for Christmas Is You - Mariah Carey,Streets - Doja Cat,5 Foot 9 - Tyler Hubbard,Tennessee Orange - Megan Moroney,Truck Bed - Hardy
Shake Ya Ass - Mystikal,It's Over Now - 112,Differences - Ginuwine,My Front Porch Looking In - Lonestar,Damn! - YoungBloodZ featuring Lil Jon,Best of You - Foo Fighters,"Sugar, We're Goin Down - Fall Out Boy",Like a Boy - Ciara,Put On - Young Jeezy featuring Kanye West,Fallin' for You - Colbie Caillat,Deuces - Chris Brown featuring Tyga and Kevin McCall,Don't You Wanna Stay - Jason Aldean featuring Kelly Clarkson,Ho Hey - The Lumineers,Catch My Breath - Kelly Clarkson,Bottoms Up - Brantley Gilbert,Chains - Nick Jonas,"Sucker for Pain - Lil Wayne, Wiz Khalifa and Imagine Dragons with Logic and Ty Dolla Sign featuring X Ambassadors",Goosebumps - Travis Scott,One Kiss - Calvin Harris and Dua Lipa,Act Up - City Girls,One of Them Girls - Lee Brice,What's Next - Drake,Get Into It (Yuh) - Doja Cat,Jingle Bell Rock - Bobby Helms,Jingle Bell Rock - Bobby Helms
Bag Lady - Erykah Badu,No More (Baby I'ma Do Right) - 3LW,If I Could Go! - Angie Martinez featuring Lil' Mo and Sacario,Angel - Amanda Perez,Baby Boy - Beyoncé featuring Sean Paul,It's Like That - Mariah Carey featuring Jermaine Dupri and Fatman Scoop,Gimme That - Chris Brown featuring Lil Wayne,Who Knew - Pink,The Time of My Life - David Cook,Untouched - The Veronicas,3 - Britney Spears,We Found Love - Rihanna featuring Calvin Harris,Paradise - Coldplay,Crash My Party - Luke Bryan,Shower - Becky G,All Eyes on You - Meek Mill featuring Chris Brown and Nicki Minaj,Down in the DM - Yo Gotti featuring Nicki Minaj,Cold - Maroon 5 featuring Future,Natural - Imagine Dragons,"I Like It - Cardi B, Bad Bunny and J Balvin",Hard to Forget - Sam Hunt,Famous Friends - Chris Young and Kane Brown,Efecto - Bad Bunny,Princess Diana - Ice Spice and Nicki Minaj,Flowers - Miley Cyrus
Meet Virginia - Train,Turn Off the Light - Nelly Furtado,The Whole World - Outkast featuring Killer Mike,She Hates Me - Puddle of Mudd,Get Low - Lil Jon & the East Side Boyz featuring Ying Yang Twins,Goin' Crazy - Natalie,I Know You See It - Yung Joc,Never Again - Kelly Clarkson,Lolli Lolli (Pop That Body) - Three 6 Mafia,If Today Was Your Last Day - Nickelback,Impossible - Shontelle,Pretty Girl Rock - Keri Hilson,Blown Away - Carrie Underwood,Pour It Up - Rihanna,Me and My Broken Heart - Rixton,No Type - Rae Sremmurd,Luv - Tory Lanez,Broccoli - DRAM featuring Lil Yachty,You Make It Easy - Jason Aldean,Trampoline - Shaed,One Margarita - Luke Bryan,Lil Bit - Nelly and Florida Georgia Line,Rock and a Hard Place - Bailey Zimmerman,Tomorrow 2 - GloRilla and Cardi B,Where the Wild Things Are - Luke Combs
Party Up (Up in Here) - DMX,Ain't Nothing 'bout You - Brooks & Dunn,Underneath It All - No Doubt featuring Lady Saw,Don't Wanna Try - Frankie J,Drop It Like It's Hot - Snoop Dogg featuring Pharrell,Inside Your Heaven - Carrie Underwood,Who Says You Can't Go Home - Bon Jovi featuring Jennifer Nettles,Promise - Ciara,Cyclone - Baby Bash featuring T-Pain,Throw It in the Bag - Fabolous featuring The-Dream,"Forever - Drake featuring Kanye West, Lil Wayne and Eminem",Yoü and I - Lady Gaga,Rolling in the Deep - Adele,22 - Taylor Swift,Animals - Martin Garrix,Riptide - Vance Joy,Sorry - Beyoncé,Slide - Calvin Harris featuring Frank Ocean and Migos,Shape of You - Ed Sheeran,Leave Me Alone - Flipp Dinero,Panini - Lil Nas X,Thot Shit - Megan Thee Stallion,Doin' This - Luke Combs,A Holly Jolly Christmas - Burl Ives,Everybody - Nicki Minaj featuring Lil Uzi Vert
Case of the Ex (Whatcha Gonna Do) - Mýa,Play - Jennifer Lopez,Caramel - City High featuring Eve,The Jump Off - Lil' Kim featuring Mr. Cheeks,U Should've Known Better - Monica,Because of You - Kelly Clarkson,Too Little Too Late - JoJo,Bed - J. Holiday,Love Like This - Natasha Bedingfield featuring Sean Kingston,Love Drunk - Boys Like Girls,Two Is Better Than One - Boys Like Girls featuring Taylor Swift,Like a G6 - Far East Movement featuring The Cataracs and Dev,Climax - Usher,I Want Crazy - Hunter Hayes,Lifestyle - Rich Gang featuring Young Thug and Rich Homie Quan,Classic Man - Jidenna featuring Roman GianArthur,Can't Feel My Face - The Weeknd,What Ifs - Kane Brown featuring Lauren Alaina,I Get the Bag - Gucci Mane featuring Migos,Breathin - Ariana Grande,Hot - Young Thug featuring Gunna,Late at Night - Roddy Ricch,Oh My God - Adele,Where She Goes - Bad Bunny,La Diabla - Xavi
Forgot About Dre - Dr. Dre featuring Eminem,I'm Already There - Lonestar,Luv U Better - LL Cool J,Intuition - Jewel,On the Way Down - Ryan Cabrera,Truth Is - Fantasia,Touch It - Busta Rhymes,Throw Some D's - Rich Boy featuring Polow da Don,Burnin' Up - Jonas Brothers,I Love College - Asher Roth,My First Kiss - 3OH!3 featuring Kesha,Without You - David Guetta featuring Usher,"Work Hard, Play Hard - Wiz Khalifa",The Fox (What Does the Fox Say?) - Ylvis,American Kids - Kenny Chesney,Ex's & Oh's - Elle King,Hymn for the Weekend - Coldplay,Chained to the Rhythm - Katy Perry featuring Skip Marley,"No Brainer - DJ Khaled featuring Justin Bieber, Chance the Rapper and Quavo",Bury a Friend - Billie Eilish,I Hope You're Happy Now - Carly Pearce and Lee Brice,Kings & Queens - Ava Max,"Better Days - Neiked, Mae Muller and Polo G",Bebe Dame - Fuerza Regida and Grupo Frontera,Stargazing - Myles Smith
That's the Way - Jo Dee Messina,My Baby - Lil' Romeo,Gimme the Light - Sean Paul,Hell Yeah - Ginuwine featuring Baby,Breakaway - Kelly Clarkson,Your Body - Pretty Ricky,Rompe - Daddy Yankee,Rehab - Amy Winehouse,Love Lockdown - Kanye West,If U Seek Amy - Britney Spears,Already Gone - Kelly Clarkson,Back to December - Taylor Swift,Let Me Love You (Until You Learn to Love Yourself) - Ne-Yo,Best Song Ever - One Direction,Brave - Sara Bareilles,Dear Future Husband - Meghan Trainor,Say It - Tory Lanez,"Feels - Calvin Harris featuring Pharrell Williams, Katy Perry and Big Sean",Plain Jane - ASAP Ferg featuring Nicki Minaj,Close Friends - Lil Baby,Emotionally Scarred - Lil Baby,Anyone - Justin Bieber,Meet Me at Our Spot - The Anxiety: Willow and Tyler Cole,I Remember Everything - Zach Bryan featuring Kacey Musgraves,Last Christmas - Wham!
Swear It Again - Westlife,Beautiful Day - U2,Gone - NSYNC,Beer for My Horses - Toby Keith featuring Willie Nelson,Why Don't You & I - Santana featuring Alex Band or Chad Kroeger,Beautiful Soul - Jesse McCartney,Déjà Vu - Beyoncé featuring Jay-Z,Big Shit Poppin' (Do It) - T.I.,I Luv Your Girl - The-Dream,Big Green Tractor - Jason Aldean,Rock That Body - The Black Eyed Peas,Teenage Dream - Katy Perry,Pound the Alarm - Nicki Minaj,The A Team - Ed Sheeran,Sweater Weather - The Neighbourhood,Marvin Gaye - Charlie Puth featuring Meghan Trainor,Antidote - Travis Scott,All Time Low - Jon Bellion,Sky Walker - Miguel featuring Travis Scott,Baby Shark - Pinkfong,Suicidal - YNW Melly featuring Juice Wrld,Track Star - Mooski,Fingers Crossed - Lauren Spencer-Smith,I Like You (A Happier Song) - Post Malone featuring Doja Cat,I Am Not Okay - Jelly Roll
The Next Episode - Dr. Dre featuring Snoop Dogg,Austin - Blake Shelton,Livin' It Up - Ja Rule featuring Case,Holidae In - Chingy featuring Ludacris and Snoop Dogg,Are You Gonna Be My Girl - Jet,Cool - Gwen Stefani,Life Is a Highway - Rascal Flatts,No One - Alicia Keys,Crush - David Archuleta,White Horse - Taylor Swift,Secrets - OneRepublic,Crazy Girl - Eli Young Band,Come Over - Kenny Chesney,Carry On - Fun,Leave the Night On - Sam Hunt,Like I'm Gonna Lose You - Meghan Trainor featuring John Legend,Lost Boy - Ruth B,Hurricane - Luke Combs,Marry Me - Thomas Rhett,My Type - Saweetie,The Bigger Picture - Lil Baby,Time Today - Moneybagg Yo,All Too Well (Taylor's Version) - Taylor Swift,What It Is (Block Boy) - Doechii featuring Kodak Black,Pour Me a Drink - Post Malone featuring Blake Shelton
From the Bottom of My Broken Heart - Britney Spears,Southern Hospitality - Ludacris,Rollout (My Business) - Ludacris,Suga Suga - Baby Bash featuring Frankie J,100 Years - Five for Fighting,Get Back - Ludacris,Call Me When You're Sober - Evanescence,The Great Escape - Boys Like Girls,Hypnotized - Plies featuring Akon,Disturbia - Rihanna,Naturally - Selena Gomez & the Scene,Cheers (Drink to That) - Rihanna,Heart Attack - Trey Songz,Highway Don't Care - Tim McGraw featuring Taylor Swift and Keith Urban,New Flame - Chris Brown featuring Usher and Rick Ross,Habits (Stay High) - Tove Lo,Side to Side - Ariana Grande featuring Nicki Minaj,Too Good at Goodbyes - Sam Smith,"Eastside - Benny Blanco, Halsey and Khalid",Worth It - YK Osiris,Only Human - Jonas Brothers,Cry Baby - Megan Thee Stallion featuring DaBaby,Party - Bad Bunny and Rauw Alejandro,Nobody Gets Me - SZA,White Horse - Chris Stapleton
Crash and Burn - Savage Garden,Grown Men Don't Cry - Tim McGraw,Here Is Gone - Goo Goo Dolls,Love of My Life (An Ode to Hip-Hop) - Erykah Badu featuring Common,Step in the Name of Love - R. Kelly,Outta Control - 50 Cent featuring Mobb Deep,"Jesus, Take the Wheel - Carrie Underwood",2 Step - Unk,Big Girls Don't Cry - Fergie,21 Guns - Green Day,Un-Thinkable (I'm Ready) - Alicia Keys,Who Says - Selena Gomez & the Scene,Drank in My Cup - Kirko Bangz,That's My Kind of Night - Luke Bryan,Love Never Felt So Good - Michael Jackson and Justin Timberlake,The Hanging Tree - James Newton Howard featuring Jennifer Lawrence,"Sit Still, Look Pretty - Daya",Young Dumb & Broke - Khalid,Call Out My Name - The Weeknd,Only Human - Jonas Brothers,The Woo - Pop Smoke featuring 50 Cent and Roddy Ricch,All I Want for Christmas Is You - Mariah Carey,Después de la Playa - Bad Bunny,Rich Men North of Richmond - Oliver Anthony Music,Lil Boo Thang - Paul Russell
Yes! - Chad Brock,Livin' It Up - Ja Rule featuring Case,No More Drama - Mary J. Blige,Fighter - Christina Aguilera,Breaking the Habit - Linkin Park,U Don't Know Me - T.I.,Show Stopper - Danity Kane featuring Yung Joc,Walk Away (Remember Me) - Paula DeAnda featuring The D.E.Y.,Good Life - Kanye West featuring T-Pain,Turn My Swag On - Soulja Boy Tell 'Em,"All I Do Is Win - DJ Khaled featuring T-Pain, Ludacris, Snoop Dogg and Rick Ross",Barefoot Blue Jean Night - Jake Owen,Birthday Cake - Rihanna featuring Chris Brown,Swimming Pools (Drank) - Kendrick Lamar,Drunk on a Plane - Dierks Bentley,CoCo - O.T. Genasis,Wildest Dreams - Taylor Swift,Magnolia - Playboi Carti,"King's Dead - Jay Rock, Kendrick Lamar, Future and James Blake",Knockin' Boots - Luke Bryan,Sum 2 Prove - Lil Baby,No More Parties - Coi Leray featuring Lil Durk,You Should Probably Leave - Chris Stapleton,Super Freaky Girl - Nicki Minaj,"Good Good - Usher, Summer Walker and 21 Savage"
The Best Day - George Strait,Loverboy - Mariah Carey featuring Cameo,Days Go By - Dirty Vegas,Thugz Mansion - 2Pac,Gigolo - Nick Cannon featuring R. Kelly,These Words - Natasha Bedingfield,Get Up - Ciara featuring Chamillionaire,Go Getta - Young Jeezy featuring R. Kelly,Womanizer - Britney Spears,Rockin' That Thang - The-Dream,"I Made It (Cash Money Heroes) - Kevin Rudolf featuring Birdman, Jay Sean and Lil Wayne",Knee Deep - Zac Brown Band featuring Jimmy Buffett,So Good - B.o.B,Sure Be Cool If You Did - Blake Shelton,Birthday - Katy Perry,"Bang Bang - Jessie J, Ariana Grande and Nicki Minaj",Middle - DJ Snake featuring Bipolar Sunshine,Love Galore - SZA featuring Travis Scott,Happier - Marshmello and Bastille,Trip - Ella Mai,Stuck with U - Ariana Grande and Justin Bieber,What's Your Country Song - Thomas Rhett,Rockin' Around the Christmas Tree - Brenda Lee,Dial Drunk - Noah Kahan and Post Malone,Act II: Date @ 8 - 4Batz and Drake
Where I Wanna Be - Donell Jones,Contagious - The Isley Brothers featuring R. Kelly and Chanté Moore,Baby - Ashanti,Clocks - Coldplay,Live Like You Were Dying - Tim McGraw,Don't Lie - The Black Eyed Peas,We Be Burnin' - Sean Paul,Here (In Your Arms) - Hellogoodbye,Love Story - Taylor Swift,Chicken Fried - Zac Brown Band,Stuck Like Glue - Sugarland,Country Girl (Shake It for Me) - Luke Bryan,50 Ways to Say Goodbye - Train,#Beautiful - Mariah Carey featuring Miguel,Bartender - Lady Antebellum,Lay Me Down - Sam Smith,On My Mind - Ellie Goulding,Drowning - A Boogie wit da Hoodie featuring Kodak Black,"Te Boté - Nio García, Darell and Casper Mágico featuring Bad Bunny, Nicky Jam and Ozuna",Rumor - Lee Brice,Mood Swings - Pop Smoke featuring Lil Tjay,One Too Many - Keith Urban and Pink,Broadway Girls - Lil Durk featuring Morgan Wallen,What Was I Made For? - Billie Eilish,High Road - Koe Wetzel featuring Jessie Murph
How Do You Like Me Now?! - Toby Keith,Who I Am - Jessica Andrews,The Good Stuff - Kenny Chesney,Put That Woman First - Jaheim,Remember When - Alan Jackson,Get Right - Jennifer Lopez,Hate Me - Blue October,On the Hotline - Pretty Ricky,Just Fine - Mary J. Blige,Diva - Beyoncé,Hey Daddy (Daddy's Home) - Usher featuring Plies,Remind Me - Brad Paisley and Carrie Underwood,Red Solo Cup - Toby Keith,Troublemaker - Olly Murs featuring Flo Rida,La La La - Naughty Boy featuring Sam Smith,Tuesday - ILoveMakonnen featuring Drake,Pop Style - Drake featuring Jay-Z and Kanye West[a],Starving - Hailee Steinfeld and Grey featuring Zedd,Simple - Florida Georgia Line,Swervin - A Boogie wit da Hoodie featuring 6ix9ine,You Should Be Sad - Halsey,Arcade - Duncan Laurence,Take My Name - Parmalee,Seven - Jungkook featuring Latto,Monaco - Bad Bunny
My Best Friend - Tim McGraw,Music - Erick Sermon featuring Marvin Gaye,We Thuggin' - Fat Joe featuring R. Kelly,Rain on Me - Ashanti,Everytime - Britney Spears,Daughters - John Mayer,You and Me - Lifehouse,Wind It Up - Gwen Stefani,Piece of Me - Britney Spears,Replay - Iyaz,There Goes My Baby - Usher,In the Dark - Dev,Love You Like a Love Song - Selena Gomez & the Scene,Body Party - Ciara,Blurred Lines - Robin Thicke featuring T.I. and Pharrell Williams,Hit the Quan - iLoveMemphis,When We Were Young - Adele,Both - Gucci Mane featuring Drake,Lemon - N.E.R.D and Rihanna,How Do You Sleep? - Sam Smith,Dior - Pop Smoke,Yonaguni - Bad Bunny,What Happened to Virgil - Lil Durk featuring Gunna,Wait for U - Future featuring Drake and Tems,IDGAF - Drake featuring Yeat
Broadway - Goo Goo Dolls,I Wanna Be Bad - Willa Ford,Good Morning Beautiful - Steve Holy,19 Somethin' - Mark Wills,Southside - Lloyd featuring Ashanti,As Good as I Once Was - Toby Keith,Beep - Pussycat Dolls featuring will.i.am,Cyclone - Baby Bash featuring T-Pain,The Boss - Rick Ross featuring T-Pain,Then - Brad Paisley,Today Was a Fairytale - Taylor Swift,Backseat - New Boyz featuring The Cataracs and Dev,Turn Up the Music - Chris Brown,Adorn - Miguel,Do What U Want - Lady Gaga featuring R. Kelly,"Downtown - Macklemore & Ryan Lewis featuring Eric Nally, Melle Mel, Kool Moe Dee and Grandmaster Caz",Hide Away - Daya,What About Us - P!nk,1-800-273-8255 - Logic featuring Alessia Cara and Khalid,Baby - Lil Baby and DaBaby,Supalonely - Benee featuring Gus Dapperton,Good Time - Niko Moon,Puffin on Zootiez - Future,Last Christmas - Wham!,Burn It Down - Parker McCollum
What'chu Like - Da Brat featuring Tyrese,Don't Happen Twice - Kenny Chesney,Rock the Boat - Aaliyah,"Can't Stop, Won't Stop - Young Gunz",Dude - Beenie Man featuring Ms. Thing,Girlfight - Brooke Valentine featuring Lil Jon and Big Boi,"I Think They Like Me - Dem Franchize Boyz featuring Jermaine Dupri, Da Brat and Bow Wow",Break It Off - Rihanna featuring Sean Paul,All Summer Long - Kid Rock,Her Diamonds - Rob Thomas,Say Something - Timbaland featuring Drake,Headlines - Drake,Die Young - Kesha,Hall of Fame - The Script featuring will.i.am,Can't Remember to Forget You - Shakira featuring Rihanna,House Party - Sam Hunt,Lean On - Major Lazer and DJ Snake featuring MØ,Swalla - Jason Derulo featuring Nicki Minaj and Ty Dolla Sign,Say Something - Justin Timberlake featuring Chris Stapleton,Look What God Gave Her - Thomas Rhett,Even Though I'm Leaving - Luke Combs,If I Didn't Love You - Jason Aldean and Carrie Underwood,Like I Love Country Music - Kane Brown,Handle on You - Parker McCollum,FukUMean - Gunna
Don't Think I'm Not - Kandi,One More Day - Diamond Rio,Drive (For Daddy Gene) - Alan Jackson,Red Dirt Road - Brooks & Dunn,Wanna Get to Know You - G-Unit featuring Joe,Lose My Breath - Destiny's Child,Say Goodbye - Chris Brown,First Time - Lifehouse,Can't Help but Wait - Trey Songz,How Do You Sleep? - Jesse McCartney featuring Ludacris,Sweet Dreams - Beyoncé,Best Thing I Never Had - Beyoncé,5 O'Clock - T-Pain featuring Wiz Khalifa and Lily Allen,Let Me Love You (Until You Learn to Love Yourself) - Ne-Yo,Amnesia - 5 Seconds of Summer,Ayo - Chris Brown and Tyga,I Know What You Did Last Summer - Shawn Mendes and Camila Cabello,Slippery - Migos featuring Gucci Mane,I'm Upset - Drake,Good as You - Kane Brown,The Scotts - The Scotts (Travis Scott and Kid Cudi),Knife Talk - Drake featuring 21 Savage and Project Pat,Jingle Bell Rock - Bobby Helms,Por Las Noches - Peso Pluma,Taste - Sabrina Carpenter
I Hope You Dance - Lee Ann Womack with Sons of the Desert,I Wish - R. Kelly,Standing Still - Jewel,What Was I Thinkin' - Dierks Bentley,Holidae In - Chingy featuring Ludacris and Snoop Dogg,Ordinary People - John Legend,Waiting on the World to Change - John Mayer,Ayo Technology - 50 Cent featuring Justin Timberlake and Timbaland,In Love with a Girl - Gavin DeGraw,3 - Britney Spears,Use Somebody - Kings of Leon,Don't Wanna Go Home - Jason Derulo,A Thousand Years - Christina Perri,U.O.E.N.O. - Rocko featuring Future and Rick Ross,No Mediocre - T.I. featuring Iggy Azalea,Kick the Dust Up - Luke Bryan,All the Way Up - Fat Joe and Remy Ma featuring French Montana and Infared,Sign of the Times - Harry Styles,Get Along - Kenny Chesney,Clout - Offset featuring Cardi B,Juicy - Doja Cat and Tyga,POV - Ariana Grande,Ojitos Lindos - Bad Bunny and Bomba Estéreo,Memory Lane - Old Dominion,Where It Ends - Bailey Zimmerman
Better Off Alone - Alice Deejay,It's a Great Day to Be Alive - Travis Tritt,Anything - Jaheim featuring Next,Flying Without Wings - Ruben Studdard,Let's Get It Started - The Black Eyed Peas,We Be Burnin' - Sean Paul,Soul Survivor - Young Jeezy featuring Akon,Outta My System - Bow Wow featuring T-Pain and Johntá Austin,My Life - The Game featuring Lil Wayne,"Forever - Drake featuring Kanye West, Lil Wayne and Eminem",Undo It - Carrie Underwood,Where Them Girls At - David Guetta featuring Flo Rida and Nicki Minaj,Take a Little Ride - Jason Aldean,Next to Me - Emeli Sandé,Come with Me Now - KONGOS,Blessings - Big Sean featuring Drake and Kanye West,Watch Me - Silentó,Water Under the Bridge - Adele,Moonlight - XXXTentacion,Love Lies - Khalid and Normani,"Be Like That - Kane Brown, Swae Lee and Khalid",Just the Way - Parmalee and Blanco Brown,Trouble with a Heartbreak - Jason Aldean,Area Codes - Kaliii,FTCU - Nicki Minaj
Dance with Me - Debelah Morgan,I'm a Thug - Trick Daddy,Full Moon - Brandy,Sing for the Moment - Eminem,When the Sun Goes Down - Kenny Chesney and Uncle Kracker,Just the Girl - The Click Five,Pump It - The Black Eyed Peas,Teardrops on My Guitar - Taylor Swift,I Remember - Keyshia Cole,One Time - Justin Bieber,Eenie Meenie - Sean Kingston and Justin Bieber,She Ain't You - Chris Brown,You da One - Rihanna,Mama's Broken Heart - Miranda Lambert,Believe Me - Lil Wayne featuring Drake,Budapest - George Ezra,Back to Sleep - Chris Brown,Malibu - Miley Cyrus,What Lovers Do - Maroon 5 featuring SZA,One Thing Right - Marshmello and Kane Brown,Homesick - Kane Brown,Take My Breath - The Weeknd,A Holly Jolly Christmas - Burl Ives,Bury Me in Georgia - Kane Brown,Wildflower - Billie Eilish
What About Now - Lonestar,Here's to the Night - Eve 6,Uh Huh - B2K,Have You Forgotten? - Darryl Worley,American Soldier - Toby Keith,True - Ryan Cabrera,When I'm Gone - Eminem,Shut Up and Drive - Rihanna,Flashing Lights - Kanye West featuring Dwele,I Run to You - Lady Antebellum,Right Above It - Lil Wayne featuring Drake,Take a Back Road - Rodney Atkins,We Run the Night - Havana Brown featuring Pitbull,It Goes Like This - Thomas Rhett,"23 - Mike WiLL Made-It featuring Miley Cyrus, Wiz Khalifa, and Juicy J",Chandelier - Sia,No Limit - Usher featuring Young Thug,Down - Marian Hill,X - Nicky Jam and J Balvin,Cash Shit - Megan Thee Stallion featuring DaBaby,Rags2Riches - Rod Wave featuring ATR Son Son,We're Good - Dua Lipa,Kiss Me More - Doja Cat featuring SZA,PRC - Peso Pluma and Natanael Cano,World on Fire - Nate Smith
I Like It - Sammie,You Shouldn't Kiss Me Like This - Toby Keith,A New Day Has Come - Celine Dion,"No Shoes, No Shirt, No Problems - Kenny Chesney",Change Clothes - Jay-Z,O - Omarion,Hung Up - Madonna,Snow (Hey Oh) - Red Hot Chili Peppers,Mrs. Officer - Lil Wayne featuring Bobby Valentino and Kidd Kidd,I Do Not Hook Up - Kelly Clarkson,The House That Built Me - Miranda Lambert,Please Don't Go - Mike Posner,It's Time - Imagine Dragons,Bugatti - Ace Hood featuring Future and Rick Ross,Beachin' - Jake Owen,Heartbeat Song - Kelly Clarkson,Cut It - O.T. Genasis featuring Young Dolph,No Promises - Cheat Codes featuring Demi Lovato,Outside Today - YoungBoy Never Broke Again,Tequila - Dan + Shay,Bluebird - Miranda Lambert,Hell of a View - Eric Church,She Likes It - Russell Dickerson featuring Jake Scott,What My World Spins Around - Jordan Davis,On My Mama - Victoria Monét
24/7 - Kevon Edmonds,Get Over Yourself - Eden's Crush,Turn Off the Light - Nelly Furtado,Come Over - Aaliyah,Don't Tell Me - Avril Lavigne,Back Then - Mike Jones,Stay Fly - Three 6 Mafia featuring Young Buck and 8Ball & MJG,Money Maker - Ludacris featuring Pharrell,7 Things - Miley Cyrus,Green Light - John Legend featuring André 3000,If I Die Young - The Band Perry,Sure Thing - Miguel,Cashin' Out - Cash Out,Wanted - Hunter Hayes,White Walls - Macklemore & Ryan Lewis featuring ScHoolboy Q and Hollis,Don't - Ed Sheeran,Really Really - Kevin Gates,Treat You Better - Shawn Mendes,Trip - Ella Mai,Shotta Flow - NLE Choppa,Wishing Well - Juice Wrld,Rockin' Around the Christmas Tree - Brenda Lee,Never Say Never - Cole Swindell and Lainey Wilson,Ain't That Some - Morgan Wallen,"Yes, And? - Ariana Grande"
Girl on TV - LFO,Dance with Me - Debelah Morgan,Living and Living Well - George Strait,Sick of Being Lonely - Field Mob,You'll Think of Me - Keith Urban,Numb/Encore - Jay-Z and Linkin Park,Love - Keyshia Cole,Kiss Kiss - Chris Brown featuring T-Pain,You're Gonna Miss This - Trace Adkins,People Are Crazy - Billy Currington,The Only Exception - Paramore,Price Tag - Jessie J featuring B.o.B,I Don't Want This Night to End - Luke Bryan,Downtown - Lady Antebellum,She Looks So Perfect - 5 Seconds of Summer,Ghost - Ella Henderson,All In My Head (Flex) - Fifth Harmony featuring Fetty Wap,I Get the Bag - Gucci Mane featuring Migos,Dura - Daddy Yankee,Hot Girl Summer - Megan Thee Stallion featuring Nicki Minaj and Ty Dolla Sign,Does to Me - Luke Combs featuring Eric Church,Put Your Records On - Ritt Momney,Damn Strait - Scotty McCreery,Wild as Her - Corey Kent,Exes - Tate McRae
Bounce with Me - Lil' Bow Wow featuring Xscape,"So Fresh, So Clean - Outkast",My List - Toby Keith,Step in the Name of Love - R. Kelly,Happy People - R. Kelly,Wonderful - Ja Rule featuring R. Kelly and Ashanti,When You're Mad - Ne-Yo,Far Away - Nickelback,Love Remains the Same - Gavin Rossdale,Whatever It Is - Zac Brown Band,American Honey - Lady Antebellum,God Gave Me You - Blake Shelton,Diamonds - Rihanna,Get Your Shine On - Florida Georgia Line,Stay the Night - Zedd featuring Hayley Williams,Here - Alessia Cara,Starving - Hailee Steinfeld and Grey featuring Zedd,Small Town Boy - Dustin Lynch,Changes - XXXTentacion,Talk You Out of It - Florida Georgia Line,Pussy Fairy (OTW) - Jhené Aiko,Happier Than Ever - Billie Eilish,She's All I Wanna Be - Tate McRae,Peaches & Eggplants - Young Nudy featuring 21 Savage,A Holly Jolly Christmas - Burl Ives
Cowboy Take Me Away - Dixie Chicks,E.I. - Nelly,Hands Clean - Alanis Morissette,I Want You - Thalía featuring Fat Joe,Hey Mama - The Black Eyed Peas,I'm Sprung - T-Pain,Why You Wanna - T.I.,Rock Yo Hips - Crime Mob and Lil' Scrappy,Feels Like Tonight - Daughtry,Already Gone - Kelly Clarkson,King of Anything - Sara Bareilles,She Will - Lil Wayne featuring Drake,Hard to Love - Lee Brice,#thatPower - will.i.am featuring Justin Bieber,Partition - Beyoncé,Waves (Robin Schulz Remix) - Mr Probz,Adventure of a Lifetime - Coldplay,Everyday We Lit - YFN Lucci featuring PnB Rock,Mercy - Brett Young,Beautiful - Bazzi featuring Camila Cabello,ILY (I Love You Baby) - Surf Mesa featuring Emilee,Single Saturday Night - Cole Swindell,Last Night Lonely - Jon Pardi,I Wrote the Book - Morgan Wallen,Wind Up Missin' You - Tucker Wetmore
I Don't Wanna - Aaliyah,Be Like That - 3 Doors Down,Sk8er Boi - Avril Lavigne,Like a Stone - Audioslave,Over and Over - Nelly featuring Tim McGraw,Chariot - Gavin DeGraw,Stupid Girls - Pink,LoveStoned - Justin Timberlake,The Way I Are - Timbaland featuring Keri Hilson,Goodbye - Kristinia DeBarge,Life After You - Daughtry,Are You Gonna Kiss Me or Not - Thompson Square,Somethin' 'Bout a Truck - Kip Moore,Brave - Sara Bareilles,Studio - ScHoolboy Q featuring BJ the Chicago Kid,El Perdón - Nicky Jam and Enrique Iglesias,Humble and Kind - Tim McGraw,Havana - Camila Cabello featuring Young Thug,One Number Away - Luke Combs,Eyes on You - Chase Rice,More Than My Hometown - Morgan Wallen,Things a Man Oughta Know - Lainey Wilson,Flower Shops - Ernest featuring Morgan Wallen,"Bzrp Music Sessions, Vol. 53 - Bizarrap and Shakira",Bulletproof - Nate Smith
Independent Women Part I - Destiny's Child,Most Girls - Pink,Long Time Gone - Dixie Chicks,Don't Know Why - Norah Jones,Redneck Woman - Gretchen Wilson,U Already Know - 112 featuring Foxy Brown,Feel Good Inc. - Gorillaz,Better than Me - Hinder,Addicted - Saving Abel,Say Hey (I Love You) - Michael Franti & Spearhead featuring Cherine Anderson,Smile - Uncle Kracker,Animal - Neon Trees,Adorn - Miguel,Let Her Go - Passenger,0 to 100 / The Catch Up - Drake,She Knows - Ne-Yo featuring Juicy J,Wicked - Future,What Lovers Do - Maroon 5 featuring SZA,Powerglide - Rae Sremmurd featuring Juicy J,All to Myself - Dan + Shay,Lovin' on You - Luke Combs,Throat Baby (Go Baby) - BRS Kash,To the Moon - Jnr Choi and Sam Tompkins,Meltdown - Travis Scott featuring Drake,Fe!n - Travis Scott featuring Playboi Carti
Gotta Tell You - Samantha Mumba,Oochie Wally - QB Finest featuring Nas and Bravehearts,Where Were You (When the World Stopped Turning) - Alan Jackson,Superman - Eminem,Just Lose It - Eminem,Mississippi Girl - Faith Hill,I'm Sprung - T-Pain,Paralyzer - Finger Eleven,Into the Night - Santana featuring Chad Kroeger,Pop Champagne - Jim Jones featuring Ron Browz and Juelz Santana,Teach Me How to Dougie - Cali Swag District,You and Tequila - Kenny Chesney featuring Grace Potter,Fly Over States - Jason Aldean,Runnin' Outta Moonlight - Randy Houser,I Don't Dance - Lee Brice,Night Changes - One Direction,Tiimmy Turner - Desiigner,Do Re Mi - Blackbear,IDGAF - Dua Lipa,Boyfriend - Ariana Grande and Social House,Said Sum - Moneybagg Yo,Tombstone - Rod Wave,Unholy - Sam Smith and Kim Petras,Put It on da Floor Again - Latto featuring Cardi B,The Painter - Cody Johnson
Waiting for Tonight - Jennifer Lopez,Hero - Enrique Iglesias,Like I Love You - Justin Timberlake,Real Good Man - Tim McGraw,Letters from Home - John Michael Montgomery,Number One Spot - Ludacris,Do I Make You Proud - Taylor Hicks,That's That - Snoop Dogg featuring R. Kelly,Heaven Sent - Keyshia Cole,Pretty Wings - Maxwell,Try Sleeping with a Broken Heart - Alicia Keys,Colder Weather - Zac Brown Band,Even If It Breaks Your Heart - Eli Young Band,I'm Different - 2 Chainz,Somethin' Bad - Miranda Lambert and Carrie Underwood,Back to Back - Drake,See You Again - Wiz Khalifa featuring Charlie Puth,Look at Me! - XXXTentacion,Mi Gente - J Balvin and Willy William featuring Beyoncé,Walk Me Home - Pink,Slide - H.E.R. featuring YG,Drinkin' Beer. Talkin' God. Amen. - Chase Rice featuring Florida Georgia Line,One Mississippi - Kane Brown,Bloody Mary - Lady Gaga,Down Bad - Taylor Swift
Shackles (Praise You) - Mary Mary,Hemorrhage (In My Hands) - Fuel,I Do!! - Toya,Say Yes - Floetry,I Go Back - Kenny Chesney,Give Me That - Webbie featuring Bun B,For You I Will (Confidence) - Teddy Geiger,Same Girl - R. Kelly featuring Usher,She Got It - 2 Pistols featuring T-Pain and Tay Dizm,Never Say Never - The Fray,"Lover, Lover - Jerrod Niemann",My Last - Big Sean featuring Chris Brown,Burn It Down - Linkin Park,Still Into You - Paramore,Adore You - Miley Cyrus,How Deep Is Your Love - Calvin Harris and Disciples,Perfect - One Direction,The Fighter - Keith Urban featuring Carrie Underwood,Believer - Imagine Dragons,Robbery - Juice Wrld,Walk Em Down - NLE Choppa featuring Roddy Ricch,Todo de Ti - Rauw Alejandro,Circles Around This Town - Maren Morris,Watermelon Moonshine - Lainey Wilson,Dance the Night - Dua Lipa